url,status,state,parent,failureDetails
https://nyccivilrightshistory.org/,200,OK,,[]
https://nyccivilrightshistory.org/pagefind/pagefind-ui.css,200,OK,https://nyccivilrightshistory.org/,[]
https://nyccivilrightshistory.org/img/nyccrh-logo-lg.jpg,200,OK,https://nyccivilrightshistory.org/,[]
https://nyccivilrightshistory.org/pagefind/pagefind-ui.js,200,OK,https://nyccivilrightshistory.org/,[]
https://nyccivilrightshistory.org/assets/css/main.css,200,OK,https://nyccivilrightshistory.org/,[]
https://cdn.jsdelivr.net/npm/bootstrap@5.2.3/dist/js/bootstrap.bundle.min.js,200,OK,https://nyccivilrightshistory.org/,[]
https://www.googletagmanager.com/gtag/js?id=G-31LPV5XBCY,200,OK,https://nyccivilrightshistory.org/,[]
https://nyccivilrightshistory.org/teaching-resources/safe-learning-community,200,OK,https://nyccivilrightshistory.org/,[]
https://nyccivilrightshistory.org/home,200,OK,https://nyccivilrightshistory.org/,[]
https://static.cloudflareinsights.com/beacon.min.js/v4513226cdae34746b4dedf0b4dfa099e1781791509496,200,OK,https://nyccivilrightshistory.org/,[]
https://nyccivilrightshistory.org/teaching-resources/safe-learning-community/,200,OK,https://nyccivilrightshistory.org/teaching-resources/safe-learning-community,[]
https://nyccivilrightshistory.org/img/nyccrh-logo-redbg.jpg,200,OK,https://nyccivilrightshistory.org/teaching-resources/safe-learning-community,[]
https://nyccivilrightshistory.org/gallery/,200,OK,https://nyccivilrightshistory.org/teaching-resources/safe-learning-community,[]
https://nyccivilrightshistory.org/about/,200,OK,https://nyccivilrightshistory.org/teaching-resources/safe-learning-community,[]
https://nyccivilrightshistory.org/timeline/,200,OK,https://nyccivilrightshistory.org/teaching-resources/safe-learning-community,[]
https://nyccivilrightshistory.org/topics/,200,OK,https://nyccivilrightshistory.org/teaching-resources/safe-learning-community,[]
https://nyccivilrightshistory.org/key-concepts/,200,OK,https://nyccivilrightshistory.org/teaching-resources/safe-learning-community,[]
https://nyccivilrightshistory.org/teaching-resources/,200,OK,https://nyccivilrightshistory.org/teaching-resources/safe-learning-community,[]
https://nyccivilrightshistory.org/project-history/,200,OK,https://nyccivilrightshistory.org/teaching-resources/safe-learning-community,[]
https://nyccivilrightshistory.org/news-and-events/,200,OK,https://nyccivilrightshistory.org/teaching-resources/safe-learning-community,[]
https://nyccivilrightshistory.org/search/,200,OK,https://nyccivilrightshistory.org/teaching-resources/safe-learning-community,[]
https://cdn.plyr.io/3.7.8/plyr.css,200,OK,https://nyccivilrightshistory.org/,[]
https://nyccivilrightshistory.org/js/main.js,200,OK,https://nyccivilrightshistory.org/teaching-resources/safe-learning-community,[]
https://www.google.com/url?q=https://www.learningforjustice.org/sites/default/files/2021-11/LFJ-2111-Critical-Practices-for-Anti-bias-Ed-November-2021-11172021.pdf&sa=D&source=editors&ust=1699641939356224&usg=AOvVaw0ltzIEF97MrvUBQGlVpv_I,200,OK,https://nyccivilrightshistory.org/teaching-resources/safe-learning-community,[]
https://nyccivilrightshistory.org/js/collapse-mobile.js,200,OK,https://nyccivilrightshistory.org/teaching-resources/safe-learning-community,[]
https://nyccivilrightshistory.org/js/text-expand.js,200,OK,https://nyccivilrightshistory.org/teaching-resources/safe-learning-community,[]
https://cdnjs.cloudflare.com/ajax/libs/jquery/3.3.1/jquery.min.js,200,OK,https://nyccivilrightshistory.org/teaching-resources/safe-learning-community,[]
https://nyccivilrightshistory.org/js/footnotes.js,200,OK,https://nyccivilrightshistory.org/teaching-resources/safe-learning-community,[]
https://nyccivilrightshistory.org/home/,200,OK,https://nyccivilrightshistory.org/home,[]
https://nyccivilrightshistory.org/images/primary-source-collage.jpg,200,OK,https://nyccivilrightshistory.org/home,[]
https://nyccivilrightshistory.org/images/elizabeth-cisco_hu_6b6ad3b636a48a16.jpg,200,OK,https://nyccivilrightshistory.org/home,[]
https://ed.buffalo.edu/content/dam/ed/black-history-ed/docs/BHCP-Infographic-PK12.pdf,200,OK,https://nyccivilrightshistory.org/teaching-resources/safe-learning-community,[]
https://nyccivilrightshistory.org/topics/black-latina-women/,200,OK,https://nyccivilrightshistory.org/home,[]
https://nyccivilrightshistory.org/images/east-luna-video_hu_e11477c8bfb35777.jpg,200,OK,https://nyccivilrightshistory.org/home,[]
https://www.ace-ed.org/teaching-toward-genius-an-equity-model-for-pedagogy-in-action/,200,OK,https://nyccivilrightshistory.org/teaching-resources/safe-learning-community,[]
https://nyccivilrightshistory.org/images/teaching-resources_hu_3af11af6d98e2abc.jpg,200,OK,https://nyccivilrightshistory.org/home,[]
https://nyccivilrightshistory.org/teaching-resources/close-reading-examples,200,OK,https://nyccivilrightshistory.org/home,[]
https://nyccivilrightshistory.org/gallery,200,OK,https://nyccivilrightshistory.org/gallery/,[]
https://nyccivilrightshistory.org/timeline,200,OK,https://nyccivilrightshistory.org/gallery/,[]
https://cdn.plyr.io/3.7.8/plyr.polyfilled.js,200,OK,https://nyccivilrightshistory.org/teaching-resources/safe-learning-community,[]
https://nyccivilrightshistory.org/gallery/ny-institute-for-deaf/,200,OK,https://nyccivilrightshistory.org/gallery/,[]
https://nyccivilrightshistory.org/search,200,OK,https://nyccivilrightshistory.org/gallery/,[]
https://nyccivilrightshistory.org/categories,200,OK,https://nyccivilrightshistory.org/gallery/,[]
https://nyccivilrightshistory.org/tags,200,OK,https://nyccivilrightshistory.org/gallery/,[]
https://nyccivilrightshistory.org/images/ny-institute-for-deaf_hu_806588111f4fa8fa.jpg,200,OK,https://nyccivilrightshistory.org/gallery/,[]
https://nyccivilrightshistory.org/gallery/blackwells-island/,200,OK,https://nyccivilrightshistory.org/gallery/,[]
https://nyccivilrightshistory.org/images/idiot-school-randalls-island_hu_c4401bd6e9752299.jpg,200,OK,https://nyccivilrightshistory.org/gallery/,[]
https://nyccivilrightshistory.org/gallery/idiot-school-randalls-island/,200,OK,https://nyccivilrightshistory.org/gallery/,[]
https://nyccivilrightshistory.org/images/blackwells-island_hu_ab901eecba7692ce.jpg,200,OK,https://nyccivilrightshistory.org/gallery/,[]
https://nyccivilrightshistory.org/images/map-nyc-islands_hu_7640f880abe1edb9.jpg,200,OK,https://nyccivilrightshistory.org/gallery/,[]
https://nyccivilrightshistory.org/gallery/grammar-school-33/,200,OK,https://nyccivilrightshistory.org/gallery/,[]
https://nyccivilrightshistory.org/gallery/map-nyc-islands/,200,OK,https://nyccivilrightshistory.org/gallery/,[]
https://nyccivilrightshistory.org/images/grammar-school-33_hu_a3b61f3983d9ea25.jpg,200,OK,https://nyccivilrightshistory.org/gallery/,[]
https://nyccivilrightshistory.org/images/first-patriotic-election_hu_98585b26963ac139.jpg,200,OK,https://nyccivilrightshistory.org/gallery/,[]
https://nyccivilrightshistory.org/gallery/first-patriotic-election/,200,OK,https://nyccivilrightshistory.org/gallery/,[]
https://nyccivilrightshistory.org/gallery/cisco-on-trial/,200,OK,https://nyccivilrightshistory.org/gallery/,[]
https://nyccivilrightshistory.org/images/cisco-on-trial_hu_db6ed12144146eaa.jpg,200,OK,https://nyccivilrightshistory.org/gallery/,[]
https://nyccivilrightshistory.org/gallery/cisco-vs-boe/,200,OK,https://nyccivilrightshistory.org/gallery/,[]
https://nyccivilrightshistory.org/images/cisco-vs-boe_hu_841af831172b48e0.jpg,200,OK,https://nyccivilrightshistory.org/gallery/,[]
https://nyccivilrightshistory.org/images/elsberg-bill-signed_hu_e79c7ac4f9bc8d9d.jpg,200,OK,https://nyccivilrightshistory.org/gallery/,[]
https://nyccivilrightshistory.org/gallery/elsberg-bill-signed/,200,OK,https://nyccivilrightshistory.org/gallery/,[]
https://nyccivilrightshistory.org/images/elizabeth-cisco_hu_2217313bb12ce72a.jpg,200,OK,https://nyccivilrightshistory.org/gallery/,[]
https://nyccivilrightshistory.org/gallery/albany-evening-journal/,200,OK,https://nyccivilrightshistory.org/gallery/,[]
https://nyccivilrightshistory.org/gallery/elizabeth-cisco/,200,OK,https://nyccivilrightshistory.org/gallery/,[]
https://nyccivilrightshistory.org/images/albany-evening-journal_hu_6d54011bcdb9678c.jpg,200,OK,https://nyccivilrightshistory.org/gallery/,[]
https://forms.gle/MjAk8NAQK8Dh3diF9,200,OK,https://nyccivilrightshistory.org/home,[]
https://nyccivilrightshistory.org/images/elizabeth-farrell_hu_b5c4e666d1e222b0.jpg,200,OK,https://nyccivilrightshistory.org/gallery/,[]
https://nyccivilrightshistory.org/gallery/elizabeth-farrell/,200,OK,https://nyccivilrightshistory.org/gallery/,[]
https://nyccivilrightshistory.org/gallery/a-days-work/,200,OK,https://nyccivilrightshistory.org/gallery/,[]
https://nyccivilrightshistory.org/images/a-days-work_hu_c67672d628ceb77b.jpg,200,OK,https://nyccivilrightshistory.org/gallery/,[]
https://nyccivilrightshistory.org/gallery/high-tide-of-immigration/,200,OK,https://nyccivilrightshistory.org/gallery/,[]
https://nyccivilrightshistory.org/images/high-tide-of-immigration_hu_47d5e2746f9da4bb.jpg,200,OK,https://nyccivilrightshistory.org/gallery/,[]
https://nyccivilrightshistory.org/gallery/nyc-schools-what-they-cost/,200,OK,https://nyccivilrightshistory.org/gallery/,[]
https://nyccivilrightshistory.org/gallery/ps47/,200,OK,https://nyccivilrightshistory.org/gallery/,[]
https://nyccivilrightshistory.org/images/ps47_hu_73b6cf40680c25b6.jpg,200,OK,https://nyccivilrightshistory.org/gallery/,[]
https://nyccivilrightshistory.org/images/nyc-schools-what-they-cost_hu_dbc669e228da3a0a.jpg,200,OK,https://nyccivilrightshistory.org/gallery/,[]
https://nyccivilrightshistory.org/gallery/keller-ny-point/,200,OK,https://nyccivilrightshistory.org/gallery/,[]
https://nyccivilrightshistory.org/images/keller-ny-point_hu_8837c0c11952d00d.jpg,200,OK,https://nyccivilrightshistory.org/gallery/,[]
https://nyccivilrightshistory.org/gallery/delinquent-girls/,200,OK,https://nyccivilrightshistory.org/gallery/,[]
https://nyccivilrightshistory.org/images/delinquent-girls_hu_698f43079dab78b6.jpg,200,OK,https://nyccivilrightshistory.org/gallery/,[]
https://nyccivilrightshistory.org/gallery/feeble-minded-in-ny/,200,OK,https://nyccivilrightshistory.org/gallery/,[]
https://nyccivilrightshistory.org/images/feeble-minded-in-ny_hu_868385eb372448ca.jpg,200,OK,https://nyccivilrightshistory.org/gallery/,[]
https://nyccivilrightshistory.org/gallery/william-maxwell/,200,OK,https://nyccivilrightshistory.org/gallery/,[]
https://nyccivilrightshistory.org/images/william-maxwell_hu_30c677be87bbe9e6.jpg,200,OK,https://nyccivilrightshistory.org/gallery/,[]
https://nyccivilrightshistory.org/gallery/page/2/,200,OK,https://nyccivilrightshistory.org/gallery/,[]
https://nyccivilrightshistory.org/gallery/page/3/,200,OK,https://nyccivilrightshistory.org/gallery/,[]
https://nyccivilrightshistory.org/gallery/page/8/,200,OK,https://nyccivilrightshistory.org/gallery/,[]
https://nyccivilrightshistory.org/about/teachers-college-logo.jpg,200,OK,https://nyccivilrightshistory.org/about/,[]
https://nyccivilrightshistory.org/project-history,200,OK,https://nyccivilrightshistory.org/about/,[]
https://nyccivilrightshistory.org/about/national-archives.jpg,200,OK,https://nyccivilrightshistory.org/about/,[]
https://nyccivilrightshistory.org/about/digital-futures-institute.jpg,200,OK,https://nyccivilrightshistory.org/about/,[]
https://www.tc.columbia.edu/,200,OK,https://nyccivilrightshistory.org/about/,[]
https://www.tc.columbia.edu/che/,200,OK,https://nyccivilrightshistory.org/about/,[]
https://www.archives.gov/,200,OK,https://nyccivilrightshistory.org/about/,[]
https://nyccivilrightshistory.org/about/center-for-educators-and-schools.jpg,200,OK,https://nyccivilrightshistory.org/about/,[]
https://www.tc.columbia.edu/digitalfuturesinstitute/,200,OK,https://nyccivilrightshistory.org/about/,[]
https://nyccivilrightshistory.org/about/humanities-new-york.jpg,200,OK,https://nyccivilrightshistory.org/about/,[]
https://nyccivilrightshistory.org/about/neh-logo.jpg,200,OK,https://nyccivilrightshistory.org/about/,[]
https://www.nypl.org/education/educators,200,OK,https://nyccivilrightshistory.org/about/,[]
https://nyccivilrightshistory.org/about/amsterdam-news-logo.jpg,200,OK,https://nyccivilrightshistory.org/about/,[]
https://www.nypl.org/research/collections/articles-databases/new-york-amsterdam-news-1922-2010,200,OK,https://nyccivilrightshistory.org/about/,[]
https://amsterdamnews.com/,200,OK,https://nyccivilrightshistory.org/about/,[]
https://humanitiesny.org/,200,OK,https://nyccivilrightshistory.org/about/,[]
https://www.nyc.gov/site/records/about/municipal-archives.page,200,OK,https://nyccivilrightshistory.org/about/,[]
https://centropr.hunter.cuny.edu/library/,200,OK,https://nyccivilrightshistory.org/about/,[]
https://www.nypl.org/locations/schomburg,200,OK,https://nyccivilrightshistory.org/about/,[]
https://guides.library.cornell.edu/ld.php?content_id=63936868,200,OK,https://nyccivilrightshistory.org/about/,[]
http://creativecommons.org/licenses/by-nc/4.0/,200,OK,https://nyccivilrightshistory.org/about/,[]
https://i.creativecommons.org/l/by-nc/4.0/88x31.png,200,OK,https://nyccivilrightshistory.org/about/,[]
https://nyccivilrightshistory.org/images/ny-institute-for-deaf_hu_ec0b3b330ef37813.jpg,200,OK,https://nyccivilrightshistory.org/timeline/,[]
https://nyccivilrightshistory.org/images/blackwells-island_hu_8a3a69ca9557f45d.jpg,200,OK,https://nyccivilrightshistory.org/timeline/,[]
https://nyccivilrightshistory.org/images/idiot-school-randalls-island_hu_60305be4c0929ed1.jpg,200,OK,https://nyccivilrightshistory.org/timeline/,[]
https://nyccivilrightshistory.org/images/map-nyc-islands_hu_82f6c5a7d83d6601.jpg,200,OK,https://nyccivilrightshistory.org/timeline/,[]
https://nyccivilrightshistory.org/images/grammar-school-33_hu_a2faeeaf7c76f2dd.jpg,200,OK,https://nyccivilrightshistory.org/timeline/,[]
https://nyccivilrightshistory.org/images/first-patriotic-election_hu_8f4c849c0725b500.jpg,200,OK,https://nyccivilrightshistory.org/timeline/,[]
https://nyccivilrightshistory.org/images/cisco-on-trial_hu_d2e18689640dabef.jpg,200,OK,https://nyccivilrightshistory.org/timeline/,[]
https://nyccivilrightshistory.org/images/cisco-vs-boe_hu_cd76a63806eda67b.jpg,200,OK,https://nyccivilrightshistory.org/timeline/,[]
https://getbootstrap.com/docs/5.0/getting-started/accessibility,200,OK,https://nyccivilrightshistory.org/about/,[]
https://nyccivilrightshistory.org/images/elsberg-bill-signed_hu_d197fa2ec496f324.jpg,200,OK,https://nyccivilrightshistory.org/timeline/,[]
https://nyccivilrightshistory.org/images/albany-evening-journal_hu_5cb08f205c2c81f9.jpg,200,OK,https://nyccivilrightshistory.org/timeline/,[]
https://nyccivilrightshistory.org/images/elizabeth-cisco_hu_6c7f916d30a4cccd.jpg,200,OK,https://nyccivilrightshistory.org/timeline/,[]
https://nyccivilrightshistory.org/images/elizabeth-farrell_hu_54df21f2122bb5b7.jpg,200,OK,https://nyccivilrightshistory.org/timeline/,[]
https://nyccivilrightshistory.org/images/a-days-work_hu_9fe7ebac87a691ec.jpg,200,OK,https://nyccivilrightshistory.org/timeline/,[]
https://nyccivilrightshistory.org/images/high-tide-of-immigration_hu_b9a40d63c994672c.jpg,200,OK,https://nyccivilrightshistory.org/timeline/,[]
https://nyccivilrightshistory.org/images/ps47_hu_23b5a19aa047bb96.jpg,200,OK,https://nyccivilrightshistory.org/timeline/,[]
https://nyccivilrightshistory.org/images/nyc-schools-what-they-cost_hu_dd8c473a1ee17ac1.jpg,200,OK,https://nyccivilrightshistory.org/timeline/,[]
https://nyccivilrightshistory.org/images/keller-ny-point_hu_e0a4956ab5cd3421.jpg,200,OK,https://nyccivilrightshistory.org/timeline/,[]
https://nyccivilrightshistory.org/images/delinquent-girls_hu_4fcc793390ecbb2a.jpg,200,OK,https://nyccivilrightshistory.org/timeline/,[]
https://nyccivilrightshistory.org/images/feeble-minded-in-ny_hu_5d29899fcb47bd17.jpg,200,OK,https://nyccivilrightshistory.org/timeline/,[]
https://nyccivilrightshistory.org/images/william-maxwell_hu_94b09d2f4f6be767.jpg,200,OK,https://nyccivilrightshistory.org/timeline/,[]
https://nyccivilrightshistory.org/gallery/binet-simon/,200,OK,https://nyccivilrightshistory.org/timeline/,[]
https://nyccivilrightshistory.org/images/binet-simon_hu_c561136dfb4473d8.jpg,200,OK,https://nyccivilrightshistory.org/timeline/,[]
https://nyccivilrightshistory.org/gallery/army-test/,200,OK,https://nyccivilrightshistory.org/timeline/,[]
https://library.columbia.edu/libraries/rbml.html,200,OK,https://nyccivilrightshistory.org/about/,[]
https://nyccivilrightshistory.org/images/army-test_hu_85316211790abbae.jpg,200,OK,https://nyccivilrightshistory.org/timeline/,[]
https://nyccivilrightshistory.org/images/brownies-1_hu_e82a1109b7325f7f.jpg,200,OK,https://nyccivilrightshistory.org/timeline/,[]
https://nyccivilrightshistory.org/gallery/brownies-1/,200,OK,https://nyccivilrightshistory.org/timeline/,[]
https://nyccivilrightshistory.org/gallery/survey-of-cripples/,200,OK,https://nyccivilrightshistory.org/timeline/,[]
https://nyccivilrightshistory.org/images/survey-of-cripples_hu_14154b445ce87cc9.jpg,200,OK,https://nyccivilrightshistory.org/timeline/,[]
https://nyccivilrightshistory.org/gallery/brownies-2/,200,OK,https://nyccivilrightshistory.org/timeline/,[]
https://nyccivilrightshistory.org/images/brownies-2_hu_2b4bf623b7955d6e.jpg,200,OK,https://nyccivilrightshistory.org/timeline/,[]
https://nyccivilrightshistory.org/gallery/brownies-3/,200,OK,https://nyccivilrightshistory.org/timeline/,[]
https://nyccivilrightshistory.org/images/brownies-3_hu_ea9de4fcedf0fa58.jpg,200,OK,https://nyccivilrightshistory.org/timeline/,[]
https://nyccivilrightshistory.org/images/race-intelligence_hu_68ea36649e5da7c9.jpg,200,OK,https://nyccivilrightshistory.org/timeline/,[]
https://nyccivilrightshistory.org/gallery/race-intelligence/,200,OK,https://nyccivilrightshistory.org/timeline/,[]
https://nyccivilrightshistory.org/gallery/chart-of-inmates/,200,OK,https://nyccivilrightshistory.org/timeline/,[]
https://nyccivilrightshistory.org/images/chart-of-inmates_hu_df9c74d89360ad82.jpg,200,OK,https://nyccivilrightshistory.org/timeline/,[]
https://nyccivilrightshistory.org/gallery/two-public-school-teachers/,200,OK,https://nyccivilrightshistory.org/timeline/,[]
https://nyccivilrightshistory.org/images/two-public-school-teachers_hu_4e3aa1e81c9eda8.jpg,200,OK,https://nyccivilrightshistory.org/timeline/,[]
https://nyccivilrightshistory.org/gallery/brotherhood-of-sleeping-car-porters/,200,OK,https://nyccivilrightshistory.org/timeline/,[]
https://nyccivilrightshistory.org/images/brotherhood-of-sleeping-car-porters_hu_dd73e81dfa3c53e.jpg,200,OK,https://nyccivilrightshistory.org/timeline/,[]
https://nyccivilrightshistory.org/images/nationality-of-pupils_hu_46e23bea5a50906a.jpg,200,OK,https://nyccivilrightshistory.org/timeline/,[]
https://nyccivilrightshistory.org/gallery/nationality-of-pupils/,200,OK,https://nyccivilrightshistory.org/timeline/,[]
https://nyccivilrightshistory.org/gallery/wadleigh-zoning-map/,200,OK,https://nyccivilrightshistory.org/timeline/,[]
https://nyccivilrightshistory.org/images/wadleigh-zoning-map_hu_85c189cf2e0bc338.jpg,200,OK,https://nyccivilrightshistory.org/timeline/,[]
https://nyccivilrightshistory.org/gallery/harlem-riot-report/,200,OK,https://nyccivilrightshistory.org/timeline/,[]
https://nyccivilrightshistory.org/images/harlem-riot-report_hu_8efda241fb93ea78.jpg,200,OK,https://nyccivilrightshistory.org/timeline/,[]
https://nyccivilrightshistory.org/images/hotel-penn-meeting_hu_231351e7643beb15.jpg,200,OK,https://nyccivilrightshistory.org/timeline/,[]
https://nyccivilrightshistory.org/gallery/hotel-penn-meeting/,200,OK,https://nyccivilrightshistory.org/timeline/,[]
https://nyccivilrightshistory.org/images/holc-map_hu_b7e418cdc3449ca9.jpg,200,OK,https://nyccivilrightshistory.org/timeline/,[]
https://nyccivilrightshistory.org/gallery/holc-map/,200,OK,https://nyccivilrightshistory.org/timeline/,[]
https://www.neh.gov/,200,OK,https://nyccivilrightshistory.org/about/,[]
https://nyccivilrightshistory.org/gallery/underwriting-manual/,200,OK,https://nyccivilrightshistory.org/timeline/,[]
https://nyccivilrightshistory.org/images/underwriting-manual_hu_a0c2188e1ea8117f.jpg,200,OK,https://nyccivilrightshistory.org/timeline/,[]
https://nyccivilrightshistory.org/gallery/school-housing-program/,200,OK,https://nyccivilrightshistory.org/timeline/,[]
https://nyccivilrightshistory.org/images/school-housing-program_hu_f23213a86dbf4f33.jpg,200,OK,https://nyccivilrightshistory.org/timeline/,[]
https://nyccivilrightshistory.org/gallery/children-campaign/,200,OK,https://nyccivilrightshistory.org/timeline/,[]
https://nyccivilrightshistory.org/images/children-campaign_hu_98a268675997aeaf.jpg,200,OK,https://nyccivilrightshistory.org/timeline/,[]
https://nyccivilrightshistory.org/images/club-borinquen_hu_453affbe681c54c.jpg,200,OK,https://nyccivilrightshistory.org/timeline/,[]
https://nyccivilrightshistory.org/gallery/jim-crow-school-kids/,200,OK,https://nyccivilrightshistory.org/timeline/,[]
https://nyccivilrightshistory.org/gallery/club-borinquen/,200,OK,https://nyccivilrightshistory.org/timeline/,[]
https://nyccivilrightshistory.org/images/jim-crow-school-kids_hu_1c26b1fa21cc5bfb.jpg,200,OK,https://nyccivilrightshistory.org/timeline/,[]
https://nyccivilrightshistory.org/images/naacp-youth-council_hu_5c97816c3fe4581e.jpg,200,OK,https://nyccivilrightshistory.org/timeline/,[]
https://nyccivilrightshistory.org/gallery/naacp-youth-council/,200,OK,https://nyccivilrightshistory.org/timeline/,[]
https://nyccivilrightshistory.org/gallery/your-child-and-willowbrook/,200,OK,https://nyccivilrightshistory.org/timeline/,[]
https://nyccivilrightshistory.org/images/your-child-and-willowbrook_hu_34a4731629216de0.jpg,200,OK,https://nyccivilrightshistory.org/timeline/,[]
https://nyccivilrightshistory.org/gallery/first-billboard/,200,OK,https://nyccivilrightshistory.org/timeline/,[]
https://nyccivilrightshistory.org/images/first-billboard_hu_a5d32164b8476036.jpg,200,OK,https://nyccivilrightshistory.org/timeline/,[]
https://nyccivilrightshistory.org/gallery/we-kept-our-child-at-home/,200,OK,https://nyccivilrightshistory.org/timeline/,[]
https://nyccivilrightshistory.org/images/we-kept-our-child-at-home_hu_a3288fd1771235ef.jpg,200,OK,https://nyccivilrightshistory.org/timeline/,[]
https://nyccivilrightshistory.org/gallery/check-your-school-questionnaire/,200,OK,https://nyccivilrightshistory.org/timeline/,[]
https://nyccivilrightshistory.org/images/check-your-school-questionnaire_hu_32921a61e8c2bed9.jpg,200,OK,https://nyccivilrightshistory.org/timeline/,[]
https://nyccivilrightshistory.org/gallery/subcommittee-on-zoning/,200,OK,https://nyccivilrightshistory.org/timeline/,[]
https://nyccivilrightshistory.org/images/subcommittee-on-zoning_hu_229569de3cff4824.jpg,200,OK,https://nyccivilrightshistory.org/timeline/,[]
https://nyccivilrightshistory.org/gallery/jansen-must-go/,200,OK,https://nyccivilrightshistory.org/timeline/,[]
https://nyccivilrightshistory.org/gallery/real-camping-for-handicapped/,200,OK,https://nyccivilrightshistory.org/timeline/,[]
https://nyccivilrightshistory.org/images/jansen-must-go_hu_1d484a90de3f045f.jpg,200,OK,https://nyccivilrightshistory.org/timeline/,[]
https://nyccivilrightshistory.org/images/real-camping-for-handicapped_hu_d454795444b4194f.jpg,200,OK,https://nyccivilrightshistory.org/timeline/,[]
https://nyccivilrightshistory.org/images/memorandum-to-counselors_hu_6dff1c7526b99c59.jpg,200,OK,https://nyccivilrightshistory.org/timeline/,[]
https://nyccivilrightshistory.org/gallery/scholarships-to-handicapped-adults/,200,OK,https://nyccivilrightshistory.org/timeline/,[]
https://nyccivilrightshistory.org/gallery/memorandum-to-counselors/,200,OK,https://nyccivilrightshistory.org/timeline/,[]
https://nyccivilrightshistory.org/images/scholarships-to-handicapped-adults_hu_f8b0b13ee4b86a1b.jpg,200,OK,https://nyccivilrightshistory.org/timeline/,[]
https://nyccivilrightshistory.org/gallery/rather-go-to-jail/,200,OK,https://nyccivilrightshistory.org/timeline/,[]
https://nyccivilrightshistory.org/images/matter-of-skipwith_hu_c077da09daee4f7.jpg,200,OK,https://nyccivilrightshistory.org/timeline/,[]
https://nyccivilrightshistory.org/images/rather-go-to-jail_hu_da0ba50f0641e5f3.jpg,200,OK,https://nyccivilrightshistory.org/timeline/,[]
https://nyccivilrightshistory.org/gallery/matter-of-skipwith/,200,OK,https://nyccivilrightshistory.org/timeline/,[]
https://nyccivilrightshistory.org/gallery/mae-mallory-and-daughter/,200,OK,https://nyccivilrightshistory.org/timeline/,[]
https://nyccivilrightshistory.org/gallery/white-queens-mothers-protest-desegregation/,200,OK,https://nyccivilrightshistory.org/timeline/,[]
https://nyccivilrightshistory.org/images/mae-mallory-and-daughter_hu_2400f059c5d30e6a.jpg,200,OK,https://nyccivilrightshistory.org/timeline/,[]
https://nyccivilrightshistory.org/images/white-queens-mothers-protest-desegregation_hu_d7a29d72555c7e7d.jpg,200,OK,https://nyccivilrightshistory.org/timeline/,[]
https://nyccivilrightshistory.org/gallery/letter-to-president-kennedy/,200,OK,https://nyccivilrightshistory.org/timeline/,[]
https://nyccivilrightshistory.org/images/letter-to-president-kennedy_hu_913131b9cab62f6b.jpg,200,OK,https://nyccivilrightshistory.org/timeline/,[]
https://nyccivilrightshistory.org/gallery/life-magazine-cover/,200,OK,https://nyccivilrightshistory.org/timeline/,[]
https://nyccivilrightshistory.org/images/life-magazine-cover_hu_53e5f7f15aec38cd.jpg,200,OK,https://nyccivilrightshistory.org/timeline/,[]
https://nyccivilrightshistory.org/gallery/shoe-shine-boys/,200,OK,https://nyccivilrightshistory.org/timeline/,[]
https://nyccivilrightshistory.org/images/shoe-shine-boys_hu_c0856aa9786120ff.jpg,200,OK,https://nyccivilrightshistory.org/timeline/,[]
https://nyccivilrightshistory.org/gallery/a-boycott-solves-nothing/,200,OK,https://nyccivilrightshistory.org/timeline/,[]
https://nyccivilrightshistory.org/gallery/why-the-school-boycott/,200,OK,https://nyccivilrightshistory.org/timeline/,[]
https://nyccivilrightshistory.org/images/why-the-school-boycott_hu_7cefa992a14af345.jpg,200,OK,https://nyccivilrightshistory.org/timeline/,[]
https://nyccivilrightshistory.org/images/a-boycott-solves-nothing_hu_48fcba5bdcf34cf0.jpg,200,OK,https://nyccivilrightshistory.org/timeline/,[]
https://nyccivilrightshistory.org/images/school-boycott_hu_b6487ccbb85d051c.jpg,200,OK,https://nyccivilrightshistory.org/timeline/,[]
https://nyccivilrightshistory.org/gallery/school-boycott/,200,OK,https://nyccivilrightshistory.org/timeline/,[]
https://nyccivilrightshistory.org/images/freedom-school-lesson-plan_hu_9c5874bad842cfbd.jpg,200,OK,https://nyccivilrightshistory.org/timeline/,[]
https://nyccivilrightshistory.org/gallery/freedom-school-lesson-plan/,200,OK,https://nyccivilrightshistory.org/timeline/,[]
https://nyccivilrightshistory.org/images/malcolm-x-in-support-of-boycott_hu_7fd9d14534e344e0.jpg,200,OK,https://nyccivilrightshistory.org/timeline/,[]
https://nyccivilrightshistory.org/gallery/malcolm-x-in-support-of-boycott/,200,OK,https://nyccivilrightshistory.org/timeline/,[]
https://nyccivilrightshistory.org/gallery/freedom-day-march/,200,OK,https://nyccivilrightshistory.org/timeline/,[]
https://nyccivilrightshistory.org/images/freedom-day-march_hu_dc63bc1560f2b10b.jpg,200,OK,https://nyccivilrightshistory.org/timeline/,[]
https://nyccivilrightshistory.org/gallery/jhs-103-ps-194-city-hall/,200,OK,https://nyccivilrightshistory.org/timeline/,[]
https://nyccivilrightshistory.org/images/jhs-103-ps-194-city-hall_hu_cf144a3a178dc5e9.jpg,200,OK,https://nyccivilrightshistory.org/timeline/,[]
https://nyccivilrightshistory.org/images/will-and-way-of-boycotters_hu_e0e8fd263f949ac5.jpg,200,OK,https://nyccivilrightshistory.org/timeline/,[]
https://nyccivilrightshistory.org/gallery/will-and-way-of-boycotters/,200,OK,https://nyccivilrightshistory.org/timeline/,[]
https://nyccivilrightshistory.org/gallery/what-a-fizzle/,200,OK,https://nyccivilrightshistory.org/timeline/,[]
https://nyccivilrightshistory.org/images/what-a-fizzle_hu_51f4e30cda0dead5.jpg,200,OK,https://nyccivilrightshistory.org/timeline/,[]
https://nyccivilrightshistory.org/gallery/change-the-status-crow/,200,OK,https://nyccivilrightshistory.org/timeline/,[]
https://nyccivilrightshistory.org/images/change-the-status-crow_hu_c3e63ee0032dc5fb.jpg,200,OK,https://nyccivilrightshistory.org/timeline/,[]
https://nyccivilrightshistory.org/gallery/puerto-rican-civil-rights-march/,200,OK,https://nyccivilrightshistory.org/timeline/,[]
https://nyccivilrightshistory.org/images/puerto-rican-civil-rights-march_hu_318e5bfc5a5cceec.jpg,200,OK,https://nyccivilrightshistory.org/timeline/,[]
https://nyccivilrightshistory.org/images/parents-and-taxpayers-march_hu_9a42e7936297873.jpg,200,OK,https://nyccivilrightshistory.org/timeline/,[]
https://nyccivilrightshistory.org/images/dr-king-on-school-boycott-concept_hu_9604cdce09bf720f.jpg,200,OK,https://nyccivilrightshistory.org/timeline/,[]
https://nyccivilrightshistory.org/gallery/dr-king-on-school-boycott-concept/,200,OK,https://nyccivilrightshistory.org/timeline/,[]
https://nyccivilrightshistory.org/gallery/parents-and-taxpayers-march/,200,OK,https://nyccivilrightshistory.org/timeline/,[]
https://nyccivilrightshistory.org/gallery/milton-galamison/,200,OK,https://nyccivilrightshistory.org/timeline/,[]
https://nyccivilrightshistory.org/gallery/title-iv-civil-rights-act/,200,OK,https://nyccivilrightshistory.org/timeline/,[]
https://nyccivilrightshistory.org/images/audio-recording_hu_cdf25cba169fa8be.jpg,200,OK,https://nyccivilrightshistory.org/timeline/,[]
https://nyccivilrightshistory.org/images/title-iv-civil-rights-act_hu_ca37b4400fe484c3.jpg,200,OK,https://nyccivilrightshistory.org/timeline/,[]
https://nyccivilrightshistory.org/gallery/parents-and-taxpayers-protest/,200,OK,https://nyccivilrightshistory.org/timeline/,[]
https://nyccivilrightshistory.org/images/parents-and-taxpayers-protest_hu_19f72d7014d3298c.jpg,200,OK,https://nyccivilrightshistory.org/timeline/,[]
https://nyccivilrightshistory.org/gallery/moynihan-on-the-negro-family/,200,OK,https://nyccivilrightshistory.org/timeline/,[]
https://nyccivilrightshistory.org/gallery/boycott-hits-problem-school/,200,OK,https://nyccivilrightshistory.org/timeline/,[]
https://nyccivilrightshistory.org/images/moynihan-on-the-negro-family_hu_9cdbd71819f3798d.jpg,200,OK,https://nyccivilrightshistory.org/timeline/,[]
https://nyccivilrightshistory.org/gallery/the-1965-boycott/,200,OK,https://nyccivilrightshistory.org/timeline/,[]
https://nyccivilrightshistory.org/images/boycott-hits-problem-school_hu_c2255d1df0768bc0.jpg,200,OK,https://nyccivilrightshistory.org/timeline/,[]
https://nyccivilrightshistory.org/images/the-1965-boycott_hu_1079fec5fd5d482b.jpg,200,OK,https://nyccivilrightshistory.org/timeline/,[]
https://nyccivilrightshistory.org/gallery/the-controversial-moynihan-report/,200,OK,https://nyccivilrightshistory.org/timeline/,[]
https://nyccivilrightshistory.org/images/the-controversial-moynihan-report_hu_a9233d092204e0c0.jpg,200,OK,https://nyccivilrightshistory.org/timeline/,[]
https://nyccivilrightshistory.org/images/real-message-of-the-moynihan-report_hu_5ee38b28e0a4c48.jpg,200,OK,https://nyccivilrightshistory.org/timeline/,[]
https://nyccivilrightshistory.org/gallery/real-message-of-the-moynihan-report/,200,OK,https://nyccivilrightshistory.org/timeline/,[]
https://nyccivilrightshistory.org/images/black-panthers-2_hu_64a85b26cce7971c.jpg,200,OK,https://nyccivilrightshistory.org/timeline/,[]
https://nyccivilrightshistory.org/gallery/black-panthers-2/,200,OK,https://nyccivilrightshistory.org/timeline/,[]
https://nyccivilrightshistory.org/gallery/600-schools-yesterday-today-tomorrow/,200,OK,https://nyccivilrightshistory.org/timeline/,[]
https://nyccivilrightshistory.org/images/600-schools-yesterday-today-tomorrow_hu_8d4896fcb0c731df.jpg,200,OK,https://nyccivilrightshistory.org/timeline/,[]
https://nyccivilrightshistory.org/gallery/black-panthers-1/,200,OK,https://nyccivilrightshistory.org/timeline/,[]
https://nyccivilrightshistory.org/images/black-panthers-1_hu_8db3fe980d41f963.jpg,200,OK,https://nyccivilrightshistory.org/timeline/,[]
https://nyccivilrightshistory.org/gallery/baseball/,200,OK,https://nyccivilrightshistory.org/timeline/,[]
https://nyccivilrightshistory.org/images/baseball_hu_610e102b2b490246.jpg,200,OK,https://nyccivilrightshistory.org/timeline/,[]
https://nyccivilrightshistory.org/images/proposal-independent-boe-harlem_hu_26bea83e30df068d.jpg,200,OK,https://nyccivilrightshistory.org/timeline/,[]
https://nyccivilrightshistory.org/gallery/proposal-independent-boe-harlem/,200,OK,https://nyccivilrightshistory.org/timeline/,[]
https://nyccivilrightshistory.org/images/reflections-1967_hu_256982c82800a9f1.jpg,200,OK,https://nyccivilrightshistory.org/timeline/,[]
https://nyccivilrightshistory.org/gallery/reflections-1967/,200,OK,https://nyccivilrightshistory.org/timeline/,[]
https://nyccivilrightshistory.org/gallery/teachers-demonstration/,200,OK,https://nyccivilrightshistory.org/timeline/,[]
https://nyccivilrightshistory.org/images/teachers-demonstration_hu_17e3a5c2fe961a80.jpg,200,OK,https://nyccivilrightshistory.org/timeline/,[]
https://nyccivilrightshistory.org/gallery/community-control-march/,200,OK,https://nyccivilrightshistory.org/timeline/,[]
https://nyccivilrightshistory.org/images/community-control-march_hu_4037e57042db5d4b.jpg,200,OK,https://nyccivilrightshistory.org/timeline/,[]
https://nyccivilrightshistory.org/gallery/ocean-hill-brownsville-parents/,200,OK,https://nyccivilrightshistory.org/timeline/,[]
https://nyccivilrightshistory.org/images/ocean-hill-brownsville-parents_hu_30fff4fac361bb0b.jpg,200,OK,https://nyccivilrightshistory.org/timeline/,[]
https://nyccivilrightshistory.org/gallery/bayard-rustin/,200,OK,https://nyccivilrightshistory.org/timeline/,[]
https://nyccivilrightshistory.org/images/bayard-rustin_hu_5e963a073e43071d.jpg,200,OK,https://nyccivilrightshistory.org/timeline/,[]
https://nyccivilrightshistory.org/gallery/decentralization/,200,OK,https://nyccivilrightshistory.org/timeline/,[]
https://nyccivilrightshistory.org/images/fifteen-demands_hu_5f3a7949b9e77a12.jpg,200,OK,https://nyccivilrightshistory.org/timeline/,[]
https://nyccivilrightshistory.org/gallery/fifteen-demands/,200,OK,https://nyccivilrightshistory.org/timeline/,[]
https://nyccivilrightshistory.org/images/decentralization_hu_d4dde3ccf514ab42.jpg,200,OK,https://nyccivilrightshistory.org/timeline/,[]
https://nyccivilrightshistory.org/gallery/viva-harlem-u/,200,OK,https://nyccivilrightshistory.org/timeline/,[]
https://nyccivilrightshistory.org/images/viva-harlem-u_hu_eb57a96e1cdfe34b.jpg,200,OK,https://nyccivilrightshistory.org/timeline/,[]
https://nyccivilrightshistory.org/images/malcolm-x-memorial_hu_158da7fe6934e82.jpg,200,OK,https://nyccivilrightshistory.org/timeline/,[]
https://nyccivilrightshistory.org/gallery/malcolm-x-memorial/,200,OK,https://nyccivilrightshistory.org/timeline/,[]
https://nyccivilrightshistory.org/images/we-demand_hu_19c53dc3b772e597.jpg,200,OK,https://nyccivilrightshistory.org/timeline/,[]
https://nyccivilrightshistory.org/gallery/we-demand/,200,OK,https://nyccivilrightshistory.org/timeline/,[]
https://nyccivilrightshistory.org/images/district-21-population-maps_hu_703d508c30458bf7.jpg,200,OK,https://nyccivilrightshistory.org/timeline/,[]
https://nyccivilrightshistory.org/gallery/district-21-population-maps/,200,OK,https://nyccivilrightshistory.org/timeline/,[]
https://nyccivilrightshistory.org/gallery/evelina-antonetty-ubp-protest-lunch/,200,OK,https://nyccivilrightshistory.org/timeline/,[]
https://nyccivilrightshistory.org/images/evelina-antonetty-ubp-protest-lunch_hu_4d02aed8015311e8.jpg,200,OK,https://nyccivilrightshistory.org/timeline/,[]
https://nyccivilrightshistory.org/gallery/le-gustaria-que-sus-ninos/,200,OK,https://nyccivilrightshistory.org/timeline/,[]
https://nyccivilrightshistory.org/images/le-gustaria-que-sus-ninos_hu_97a5aa2e5ca5259d.jpg,200,OK,https://nyccivilrightshistory.org/timeline/,[]
https://nyccivilrightshistory.org/gallery/on-the-way-to-local-control/,200,OK,https://nyccivilrightshistory.org/timeline/,[]
https://nyccivilrightshistory.org/images/on-the-way-to-local-control_hu_32962f18212d303.jpg,200,OK,https://nyccivilrightshistory.org/timeline/,[]
https://nyccivilrightshistory.org/gallery/june-jordan-graduation/,200,OK,https://nyccivilrightshistory.org/timeline/,[]
https://nyccivilrightshistory.org/images/june-jordan-graduation_hu_f35db40fa999f074.jpg,200,OK,https://nyccivilrightshistory.org/timeline/,[]
https://nyccivilrightshistory.org/gallery/denise-oliver/,200,OK,https://nyccivilrightshistory.org/timeline/,[]
https://nyccivilrightshistory.org/images/denise-oliver_hu_d65e21566d9be858.jpg,200,OK,https://nyccivilrightshistory.org/timeline/,[]
https://nyccivilrightshistory.org/images/iris-morales_hu_5d97c7bba84ea060.jpg,200,OK,https://nyccivilrightshistory.org/timeline/,[]
https://nyccivilrightshistory.org/gallery/iris-morales/,200,OK,https://nyccivilrightshistory.org/timeline/,[]
https://nyccivilrightshistory.org/gallery/palante/,200,OK,https://nyccivilrightshistory.org/timeline/,[]
https://nyccivilrightshistory.org/images/palante_hu_a4153a038a7e5f08.jpg,200,OK,https://nyccivilrightshistory.org/timeline/,[]
https://nyccivilrightshistory.org/gallery/educational-needs-of-the-puerto-rican-child/,200,OK,https://nyccivilrightshistory.org/timeline/,[]
https://nyccivilrightshistory.org/images/educational-needs-of-the-puerto-rican-child_hu_5eb37f30f09e61d1.jpg,200,OK,https://nyccivilrightshistory.org/timeline/,[]
https://nyccivilrightshistory.org/images/sofedup-handbook_hu_48e8ce4097885ddb.jpg,200,OK,https://nyccivilrightshistory.org/timeline/,[]
https://nyccivilrightshistory.org/gallery/sofedup-handbook/,200,OK,https://nyccivilrightshistory.org/timeline/,[]
https://nyccivilrightshistory.org/gallery/bernard-carabello/,200,OK,https://nyccivilrightshistory.org/timeline/,[]
https://nyccivilrightshistory.org/images/bernard-carabello_hu_cf67e0193259a8f5.jpg,200,OK,https://nyccivilrightshistory.org/timeline/,[]
https://nyccivilrightshistory.org/images/mark-twain-on-51st-state-1_hu_1c647fab07784f94.jpg,200,OK,https://nyccivilrightshistory.org/timeline/,[]
https://nyccivilrightshistory.org/gallery/mark-twain-on-51st-state-1/,200,OK,https://nyccivilrightshistory.org/timeline/,[]
https://nyccivilrightshistory.org/gallery/mark-twain-on-51st-state-2/,200,OK,https://nyccivilrightshistory.org/timeline/,[]
https://nyccivilrightshistory.org/images/mark-twain-on-51st-state-2_hu_b1332719e983c701.jpg,200,OK,https://nyccivilrightshistory.org/timeline/,[]
https://nyccivilrightshistory.org/gallery/mark-twain-on-51st-state-3/,200,OK,https://nyccivilrightshistory.org/timeline/,[]
https://nyccivilrightshistory.org/images/mark-twain-on-51st-state-4_hu_8f602b85bf94bd36.jpg,200,OK,https://nyccivilrightshistory.org/timeline/,[]
https://nyccivilrightshistory.org/images/mark-twain-on-51st-state-3_hu_b3f4a89cfe98d142.jpg,200,OK,https://nyccivilrightshistory.org/timeline/,[]
https://nyccivilrightshistory.org/gallery/mark-twain-on-51st-state-4/,200,OK,https://nyccivilrightshistory.org/timeline/,[]
https://nyccivilrightshistory.org/images/hart-v-community-school-board-21-2_hu_79da2312c0916555.jpg,200,OK,https://nyccivilrightshistory.org/timeline/,[]
https://nyccivilrightshistory.org/gallery/hart-v-community-school-board-21-2/,200,OK,https://nyccivilrightshistory.org/timeline/,[]
https://nyccivilrightshistory.org/gallery/hart-v-community-school-board-21-1/,200,OK,https://nyccivilrightshistory.org/timeline/,[]
https://nyccivilrightshistory.org/images/hart-v-community-school-board-21-1_hu_339b1fe156095707.jpg,200,OK,https://nyccivilrightshistory.org/timeline/,[]
https://nyccivilrightshistory.org/gallery/clark-hits-integration-plan/,200,OK,https://nyccivilrightshistory.org/timeline/,[]
https://nyccivilrightshistory.org/images/clark-hits-integration-plan_hu_6350da2ac2f8a0e7.jpg,200,OK,https://nyccivilrightshistory.org/timeline/,[]
https://nyccivilrightshistory.org/gallery/mom-worthy-opponent-for-state/,200,OK,https://nyccivilrightshistory.org/timeline/,[]
https://nyccivilrightshistory.org/images/mom-worthy-opponent-for-state_hu_eafe13192e4dd5b1.jpg,200,OK,https://nyccivilrightshistory.org/timeline/,[]
https://nyccivilrightshistory.org/gallery/double-dutch-tournament/,200,OK,https://nyccivilrightshistory.org/timeline/,[]
https://nyccivilrightshistory.org/images/double-dutch-tournament_hu_c945c4d36cfbe602.jpg,200,OK,https://nyccivilrightshistory.org/timeline/,[]
https://nyccivilrightshistory.org/images/where-is-district-5_hu_d7489f736ad01058.jpg,200,OK,https://nyccivilrightshistory.org/timeline/,[]
https://nyccivilrightshistory.org/gallery/where-is-district-5/,200,OK,https://nyccivilrightshistory.org/timeline/,[]
https://nyccivilrightshistory.org/images/hew-report_hu_e216963b25997897.jpg,200,OK,https://nyccivilrightshistory.org/timeline/,[]
https://nyccivilrightshistory.org/gallery/hew-report/,200,OK,https://nyccivilrightshistory.org/timeline/,[]
https://nyccivilrightshistory.org/images/goldie-chu_hu_4b41c2a9bd417bb1.jpg,200,OK,https://nyccivilrightshistory.org/timeline/,[]
https://nyccivilrightshistory.org/gallery/goldie-chu/,200,OK,https://nyccivilrightshistory.org/timeline/,[]
https://nyccivilrightshistory.org/gallery/jose-p-vs-ambach/,200,OK,https://nyccivilrightshistory.org/timeline/,[]
https://nyccivilrightshistory.org/images/parents-protest-for-school-transportation_hu_39c2883bd7e88371.jpg,200,OK,https://nyccivilrightshistory.org/timeline/,[]
https://nyccivilrightshistory.org/images/jose-p-vs-ambach_hu_67799243b298e172.jpg,200,OK,https://nyccivilrightshistory.org/timeline/,[]
https://nyccivilrightshistory.org/gallery/parents-protest-for-school-transportation/,200,OK,https://nyccivilrightshistory.org/timeline/,[]
https://nyccivilrightshistory.org/gallery/willie-mae-and-marguerite-goodman/,200,OK,https://nyccivilrightshistory.org/timeline/,[]
https://nyccivilrightshistory.org/images/willie-mae-and-marguerite-goodman_hu_d42ab83157b0dfed.jpg,200,OK,https://nyccivilrightshistory.org/timeline/,[]
https://nyccivilrightshistory.org/images/audre-lorde-portrait_hu_1104c26b2c8afd57.jpg,200,OK,https://nyccivilrightshistory.org/timeline/,[]
https://nyccivilrightshistory.org/gallery/audre-lorde-portrait/,200,OK,https://nyccivilrightshistory.org/timeline/,[]
https://nyccivilrightshistory.org/gallery/sculpture-by-john-ahearn/,200,OK,https://nyccivilrightshistory.org/timeline/,[]
https://nyccivilrightshistory.org/images/sculpture-by-john-ahearn_hu_d64ea9d8f0c8a07a.jpg,200,OK,https://nyccivilrightshistory.org/timeline/,[]
https://nyccivilrightshistory.org/gallery/history-double-dutch/,200,OK,https://nyccivilrightshistory.org/timeline/,[]
https://nyccivilrightshistory.org/images/history-double-dutch_hu_3e86b8d46302878b.jpg,200,OK,https://nyccivilrightshistory.org/timeline/,[]
https://nyccivilrightshistory.org/gallery/kids-jump-for-prizes/,200,OK,https://nyccivilrightshistory.org/timeline/,[]
https://nyccivilrightshistory.org/images/kids-jump-for-prizes_hu_f4c0a893354d55db.jpg,200,OK,https://nyccivilrightshistory.org/timeline/,[]
https://nyccivilrightshistory.org/gallery/la-escuela-bilingue/,200,OK,https://nyccivilrightshistory.org/timeline/,[]
https://nyccivilrightshistory.org/images/la-escuela-bilingue_hu_b3460fec03ced81d.jpg,200,OK,https://nyccivilrightshistory.org/timeline/,[]
https://nyccivilrightshistory.org/images/focus-on-learning_hu_aabd4a8fa90d4b9c.jpg,200,OK,https://nyccivilrightshistory.org/timeline/,[]
https://nyccivilrightshistory.org/gallery/focus-on-learning/,200,OK,https://nyccivilrightshistory.org/timeline/,[]
https://nyccivilrightshistory.org/gallery/disability-independence-day-march/,200,OK,https://nyccivilrightshistory.org/timeline/,[]
https://nyccivilrightshistory.org/images/disability-independence-day-march_hu_7ec2344099bc4ee3.jpg,200,OK,https://nyccivilrightshistory.org/timeline/,[]
https://nyccivilrightshistory.org/gallery/puerto-ricans/,200,OK,https://nyccivilrightshistory.org/timeline/,[]
https://nyccivilrightshistory.org/images/text-icon_hu_1fcb99657fcc7e9b.jpg,200,OK,https://nyccivilrightshistory.org/timeline/,[]
https://nyccivilrightshistory.org/images/lexington-school-for-deaf_hu_fee95a02af3d2e8e.jpg,200,OK,https://nyccivilrightshistory.org/timeline/,[]
https://nyccivilrightshistory.org/gallery/lexington-school-for-deaf/,200,OK,https://nyccivilrightshistory.org/timeline/,[]
https://nyccivilrightshistory.org/gallery/ny-hotline-special-ed-1/,200,OK,https://nyccivilrightshistory.org/timeline/,[]
https://nyccivilrightshistory.org/images/ny-hotline-special-ed-1_hu_948c75b2a4a31e07.jpg,200,OK,https://nyccivilrightshistory.org/timeline/,[]
https://nyccivilrightshistory.org/gallery/ny-hotline-special-ed-2/,200,OK,https://nyccivilrightshistory.org/timeline/,[]
https://nyccivilrightshistory.org/images/ny-hotline-special-ed-2_hu_c7c8088b027e590e.jpg,200,OK,https://nyccivilrightshistory.org/timeline/,[]
https://nyccivilrightshistory.org/gallery/the-man-who-could-fly/,200,OK,https://nyccivilrightshistory.org/timeline/,[]
https://nyccivilrightshistory.org/images/the-man-who-could-fly_hu_f85fab23bc4c9622.jpg,200,OK,https://nyccivilrightshistory.org/timeline/,[]
https://nyccivilrightshistory.org/gallery/state-of-the-city/,200,OK,https://nyccivilrightshistory.org/timeline/,[]
https://nyccivilrightshistory.org/gallery/judy-heumann-oral-history/,200,OK,https://nyccivilrightshistory.org/timeline/,[]
https://nyccivilrightshistory.org/gallery/evelina-antonetty-mural/,200,OK,https://nyccivilrightshistory.org/timeline/,[]
https://nyccivilrightshistory.org/gallery/bloomberg-remarks/,200,OK,https://nyccivilrightshistory.org/timeline/,[]
https://nyccivilrightshistory.org/images/evelina-antonetty-mural_hu_6a8102ede39b702c.jpg,200,OK,https://nyccivilrightshistory.org/timeline/,[]
https://nyccivilrightshistory.org/images/bloomberg-remarks_hu_457b3d5181e49a83.jpg,200,OK,https://nyccivilrightshistory.org/timeline/,[]
https://nyccivilrightshistory.org/gallery/interview-with-jitu-weusi/,200,OK,https://nyccivilrightshistory.org/timeline/,[]
https://nyccivilrightshistory.org/images/interview-with-jitu-weusi_hu_3c53ea01b71dd25b.jpg,200,OK,https://nyccivilrightshistory.org/timeline/,[]
https://nyccivilrightshistory.org/images/women-of-the-young-lords-party_hu_ac23229f2138e856.jpg,200,OK,https://nyccivilrightshistory.org/timeline/,[]
https://nyccivilrightshistory.org/gallery/women-of-the-young-lords-party/,200,OK,https://nyccivilrightshistory.org/timeline/,[]
https://nyccivilrightshistory.org/gallery/interview-with-joel-klein/,200,OK,https://nyccivilrightshistory.org/timeline/,[]
https://nyccivilrightshistory.org/images/rev-malika-leigh-whitney_hu_68c04cb18fdefdf1.jpg,200,OK,https://nyccivilrightshistory.org/timeline/,[]
https://nyccivilrightshistory.org/gallery/mo-charters/,200,OK,https://nyccivilrightshistory.org/timeline/,[]
https://nyccivilrightshistory.org/images/interview-with-joel-klein_hu_8197c940e0ebc5c5.jpg,200,OK,https://nyccivilrightshistory.org/timeline/,[]
https://nyccivilrightshistory.org/gallery/thomas-samuels-interview/,200,OK,https://nyccivilrightshistory.org/timeline/,[]
https://nyccivilrightshistory.org/gallery/rev-malika-leigh-whitney/,200,OK,https://nyccivilrightshistory.org/timeline/,[]
https://nyccivilrightshistory.org/images/thomas-samuels-interview_hu_43a3076b7441839b.jpg,200,OK,https://nyccivilrightshistory.org/timeline/,[]
https://nyccivilrightshistory.org/images/lateef-mcleod_hu_41c99fb627a2320b.jpg,200,OK,https://nyccivilrightshistory.org/timeline/,[]
https://nyccivilrightshistory.org/gallery/lateef-mcleod/,200,OK,https://nyccivilrightshistory.org/timeline/,[]
https://nyccivilrightshistory.org/gallery/dayniah-manderson/,200,OK,https://nyccivilrightshistory.org/timeline/,[]
https://nyccivilrightshistory.org/images/dayniah-manderson_hu_e1da1d408544f0c7.jpg,200,OK,https://nyccivilrightshistory.org/timeline/,[]
https://nyccivilrightshistory.org/gallery/willie-mae-goodman/,200,OK,https://nyccivilrightshistory.org/timeline/,[]
https://nyccivilrightshistory.org/images/willie-mae-goodman_hu_f08c081ff18bce98.jpg,200,OK,https://nyccivilrightshistory.org/timeline/,[]
https://nyccivilrightshistory.org/gallery/mark-twain-school-performance-dashboard/,200,OK,https://nyccivilrightshistory.org/timeline/,[]
https://nyccivilrightshistory.org/images/mark-twain-school-performance-dashboard_hu_7c8b550df9ae3bf6.jpg,200,OK,https://nyccivilrightshistory.org/timeline/,[]
https://nyccivilrightshistory.org/images/elizabeth-cisco.jpg,200,OK,https://nyccivilrightshistory.org/topics/,[]
https://nyccivilrightshistory.org/images/brooklyn-holc-map_hu_b7784d7d8c24589a.jpg,200,OK,https://nyccivilrightshistory.org/topics/,[]
https://nyccivilrightshistory.org/images/kids-jump-for-prizes_hu_e5ddd36b3b4edc42.jpg,200,OK,https://nyccivilrightshistory.org/topics/,[]
https://nyccivilrightshistory.org/topics/joyful-struggle/,200,OK,https://nyccivilrightshistory.org/topics/,[]
https://nyccivilrightshistory.org/topics/how-did-nyc-segregate,200,OK,https://nyccivilrightshistory.org/topics/,[]
https://nyccivilrightshistory.org/topics/seeking-equity-for-disabled-students,200,OK,https://nyccivilrightshistory.org/topics/,[]
https://nyccivilrightshistory.org/images/school-boycott_hu_b4c434e250e85197.jpg,200,OK,https://nyccivilrightshistory.org/topics/,[]
https://nyccivilrightshistory.org/images/lexington-school-for-deaf_hu_eee8b82db6e07c6d.jpg,200,OK,https://nyccivilrightshistory.org/topics/,[]
https://nyccivilrightshistory.org/topics/boycotting-ny-schools/,200,OK,https://nyccivilrightshistory.org/topics/,[]
https://nyccivilrightshistory.org/images/who-governs_hu_234673ce4a2f71b4.jpg,200,OK,https://nyccivilrightshistory.org/topics/,[]
https://nyccivilrightshistory.org/topics/joyful-struggle/deaf-social-spaces/thomas-samuels-interview/,200,OK,https://nyccivilrightshistory.org/key-concepts/,[]
https://nyccivilrightshistory.org/topics/who-governs-schools,200,OK,https://nyccivilrightshistory.org/topics/,[]
https://nyccivilrightshistory.org//gallery/elizabeth-cisco,200,OK,https://nyccivilrightshistory.org/key-concepts/,[]
https://integratenyc.org/,200,OK,https://nyccivilrightshistory.org/key-concepts/,[]
https://www.teenstakecharge.com/,200,OK,https://nyccivilrightshistory.org/key-concepts/,[]
https://www.urbanyouthcollaborative.org/,200,OK,https://nyccivilrightshistory.org/key-concepts/,[]
https://www.pistnyc.org/,200,OK,https://nyccivilrightshistory.org/key-concepts/,[]
https://www.aqeny.org/,200,OK,https://nyccivilrightshistory.org/key-concepts/,[]
https://www.advocatesforchildren.org/litigation,200,OK,https://nyccivilrightshistory.org/key-concepts/,[]
https://www.nycasid.com/,200,OK,https://nyccivilrightshistory.org/key-concepts/,[]
https://nyccivilrightshistory.org/topics/black-latina-women/elizabeth-cisco,404,BROKEN,https://nyccivilrightshistory.org/key-concepts/,
https://nyccivilrightshistory.org/topics/black-latina-women/gouverneur-parents-association/,200,OK,https://nyccivilrightshistory.org/key-concepts/,[]
https://www.facebook.com/SOFEDUPCUNY/,200,OK,https://nyccivilrightshistory.org/key-concepts/,[]
https://nyccivilrightshistory.org/topics/black-latina-women/united-bronx-parents/,200,OK,https://nyccivilrightshistory.org/key-concepts/,[]
https://www.ahrcnyc.org/about/history/,403,BROKEN,https://nyccivilrightshistory.org/key-concepts/,
https://ansleyerickson.github.io/book/,200,OK,https://nyccivilrightshistory.org/key-concepts/,[]
https://activisthistory.com/2019/11/04/the-racialized-history-of-disability-activism-from-the-willowbrooks-of-this-world1/,200,OK,https://nyccivilrightshistory.org/key-concepts/,[]
https://www.advocatesforchildren.org/litigation/class_actions/jose_p_vs_mills,200,OK,https://nyccivilrightshistory.org/key-concepts/,[]
https://www.gothamcenter.org/blog/new-york-city-600-schools-and-the-legacy-of-segregation-in-special-education,200,OK,https://nyccivilrightshistory.org/key-concepts/,[]
https://eric.ed.gov/?id=ED474364,200,OK,https://nyccivilrightshistory.org/key-concepts/,[]
https://nyccivilrightshistory.org/topics/seeking-equity-for-disabled-students/physical-access/sofedup-handbook/,200,OK,https://nyccivilrightshistory.org/key-concepts/,[]
https://storymaps.arcgis.com/stories/32b9eaed718947d9b647447830b41cbc,200,OK,https://nyccivilrightshistory.org/key-concepts/,[]
https://www.racepowerofanillusion.org/,200,OK,https://nyccivilrightshistory.org/key-concepts/,[]
http://www.jstor.org/stable/1229039,200,OK,https://nyccivilrightshistory.org/key-concepts/,[]
https://newsettlement.org/pac/,200,OK,https://nyccivilrightshistory.org/key-concepts/,[]
https://steinhardt.nyu.edu/sites/default/files/2021-03/Special_Education_in_New_York_City_final.pdf,200,OK,https://nyccivilrightshistory.org/key-concepts/,[]
https://steinhardt.nyu.edu/research-alliance/research/publications/special-education-new-york-city,200,OK,https://nyccivilrightshistory.org/key-concepts/,[]
https://keywords.nyupress.org/disability-studies/,200,OK,https://nyccivilrightshistory.org/key-concepts/,[]
https://ansleyerickson.github.io/book/chapters/03/,200,OK,https://nyccivilrightshistory.org/key-concepts/,[]
https://nyccivilrightshistory.org/topics/joyful-struggle/deaf-social-spaces/,200,OK,https://nyccivilrightshistory.org/key-concepts/,[]
https://www.schoolcolorspodcast.com/brooklyn,200,OK,https://nyccivilrightshistory.org/key-concepts/,[]
https://ansleyerickson.github.io/book/chapters/08/,200,OK,https://nyccivilrightshistory.org/key-concepts/,[]
https://ansleyerickson.github.io/book/chapters/09/,200,OK,https://nyccivilrightshistory.org/key-concepts/,[]
https://catalog.archives.gov/id/1656510,200,OK,https://nyccivilrightshistory.org/key-concepts/,[]
https://sites.ed.gov/idea/statute-chapter-33/subchapter-ii/1412/a/5,200,OK,https://nyccivilrightshistory.org/key-concepts/,[]
https://whybusingfailed.com/,0,BROKEN,https://nyccivilrightshistory.org/key-concepts/,
https://www.civilrightsproject.ucla.edu/research/k-12-education/integration-and-diversity/ny-norflet-report-placeholder/Kucsera-New-York-Extreme-Segregation-2014.pdf,404,BROKEN,https://nyccivilrightshistory.org/key-concepts/,
https://www.slaveryinnewyork.org/about_exhibit.htm,202,OK,https://nyccivilrightshistory.org/key-concepts/,[]
http://www.centerforeducationalequity.org/publications/know-your-educational-rights/29767_Know_Your_Rights_128-1.pdf,200,OK,https://nyccivilrightshistory.org/key-concepts/,[]
https://www.blackpast.org/african-american-history/combahee-river-collective-statement-1977/,200,OK,https://nyccivilrightshistory.org/key-concepts/,[]
https://www.facebook.com/CCSDadvocates/,200,OK,https://nyccivilrightshistory.org/key-concepts/,[]
https://www.nytimes.com/2018/11/14/opinion/school-buses-busing-new-york-city-department-of-education.html,403,BROKEN,https://nyccivilrightshistory.org/key-concepts/,
https://www.thecity.nyc/2021/2/3/22265468/staten-island-special-education-students-sue-nyc-schools,200,OK,https://nyccivilrightshistory.org/key-concepts/,[]
https://nyccivilrightshistory.org/images/text-icon_hu_3623db731f6ea4d4.jpg,200,OK,https://nyccivilrightshistory.org/teaching-resources/,[]
https://nyccivilrightshistory.org/teaching-resources/lesson-plans/,200,OK,https://nyccivilrightshistory.org/teaching-resources/,[]
https://nyccivilrightshistory.org/teaching-resources/semester-outline/,200,OK,https://nyccivilrightshistory.org/teaching-resources/,[]
https://nyccivilrightshistory.org/images/boycott-hits-problem-school_hu_155db30963489ec9.jpg,200,OK,https://nyccivilrightshistory.org/teaching-resources/,[]
https://nyccivilrightshistory.org/teaching-resources/close-reading-examples/,200,OK,https://nyccivilrightshistory.org/teaching-resources/,[]
https://nyccivilrightshistory.org/teaching-resources/disability-justice,200,OK,https://nyccivilrightshistory.org/teaching-resources/,[]
https://nyccivilrightshistory.org/images/sofedup-handbook_hu_5784048cb9d44bd4.jpg,200,OK,https://nyccivilrightshistory.org/teaching-resources/,[]
https://nyccivilrightshistory.org/teaching-resources/additional-resources/,200,OK,https://nyccivilrightshistory.org/teaching-resources/,[]
https://nyccivilrightshistory.org/project-history/resi-1.jpg,200,OK,https://nyccivilrightshistory.org/project-history/,[]
https://nyccivilrightshistory.org/project-history/resi-2.jpg,200,OK,https://nyccivilrightshistory.org/project-history/,[]
https://nyccivilrightshistory.org/project-history/resi-3.jpg,200,OK,https://nyccivilrightshistory.org/project-history/,[]
https://nyccivilrightshistory.org/project-history/%E2%80%8B%E2%80%8Bhttps://www.learningforjustice.org/frameworks/teaching-hard-history/american-slavery,404,BROKEN,https://nyccivilrightshistory.org/project-history/,
https://nyccivilrightshistory.org/js/gallery-grid.js,200,OK,https://nyccivilrightshistory.org/project-history/,[]
https://ny.chalkbeat.org/2021/2/2/22263151/nyc-student-advocate-disabilities-gifted,200,OK,https://nyccivilrightshistory.org/key-concepts/,[]
https://dp.la/primary-source-sets,403,BROKEN,https://nyccivilrightshistory.org/project-history/,
https://ny.chalkbeat.org/2022/3/1/22957201/nyc-schools-high-school-admissions-students-with-disabilities,200,OK,https://nyccivilrightshistory.org/key-concepts/,[]
https://minicomp.github.io/wiki/,200,OK,https://nyccivilrightshistory.org/project-history/,[]
https://minicomp.github.io/wax/,200,OK,https://nyccivilrightshistory.org/project-history/,[]
https://www.edweek.org/teaching-learning/opinion-author-interview-with-dr-gholdy-muhammad-cultivating-genius/2020/01,200,OK,https://nyccivilrightshistory.org/project-history/,[]
https://nyccivilrightshistory.org/images/brian-jones.jpg,200,OK,https://nyccivilrightshistory.org/project-history/,[]
https://nyccivilrightshistory.org/images/erickson-ansley.jpg,200,OK,https://nyccivilrightshistory.org/project-history/,[]
https://ed.buffalo.edu/black-history-ed/framework.html,200,OK,https://nyccivilrightshistory.org/project-history/,[]
https://nyccivilrightshistory.org/images/murray-jessica.jpg,200,OK,https://nyccivilrightshistory.org/project-history/,[]
https://books.google.com/books/about/Undoing_Ableism.html?id=YSysDwAAQBAJ&source=kp_book_description,200,OK,https://nyccivilrightshistory.org/project-history/,[]
https://nyccivilrightshistory.org/images/jeanne-theoharis.jpg,200,OK,https://nyccivilrightshistory.org/project-history/,[]
https://nyccivilrightshistory.org/images/avatar.jpg,200,OK,https://nyccivilrightshistory.org/project-history/,[]
https://nyccivilrightshistory.org/images/judy-derosier.jpg,200,OK,https://nyccivilrightshistory.org/project-history/,[]
https://nyccivilrightshistory.org/images/maria-susan-guarino.jpg,200,OK,https://nyccivilrightshistory.org/project-history/,[]
https://nyccivilrightshistory.org/images/terika-harris.jpg,200,OK,https://nyccivilrightshistory.org/project-history/,[]
https://nyccivilrightshistory.org/images/justin-hauver.jpg,200,OK,https://nyccivilrightshistory.org/project-history/,[]
https://nyccivilrightshistory.org/images/matthew-kautz.jpg,200,OK,https://nyccivilrightshistory.org/project-history/,[]
https://nyccivilrightshistory.org/images/jasmine-leiser.jpg,200,OK,https://nyccivilrightshistory.org/project-history/,[]
https://rosaparksbiography.org/,200,OK,https://nyccivilrightshistory.org/project-history/,[]
https://nyccivilrightshistory.org/images/luna-east.jpg,200,OK,https://nyccivilrightshistory.org/project-history/,[]
https://nyccivilrightshistory.org/images/noa-ovadia.jpg,200,OK,https://nyccivilrightshistory.org/project-history/,[]
https://nyccivilrightshistory.org/images/neha-pant.jpg,200,OK,https://nyccivilrightshistory.org/project-history/,[]
https://nyccivilrightshistory.org/images/ivelisse-ramos.jpg,200,OK,https://nyccivilrightshistory.org/project-history/,[]
https://nyccivilrightshistory.org/images/natacha-robert.jpg,200,OK,https://nyccivilrightshistory.org/project-history/,[]
https://nyccivilrightshistory.org/images/errol-c-saunders-ii.jpg,200,OK,https://nyccivilrightshistory.org/project-history/,[]
https://nyccivilrightshistory.org/images/maria-cioe-pena.jpg,200,OK,https://nyccivilrightshistory.org/project-history/,[]
https://nyccivilrightshistory.org/images/alicia-ciocca.jpg,200,OK,https://nyccivilrightshistory.org/project-history/,[]
https://nyccivilrightshistory.org/images/gecolby-youngblood.jpg,200,OK,https://nyccivilrightshistory.org/project-history/,[]
https://nyccivilrightshistory.org/images/emily-ladau.jpg,200,OK,https://nyccivilrightshistory.org/project-history/,[]
https://nyccivilrightshistory.org/images/david-connor.jpg,200,OK,https://nyccivilrightshistory.org/project-history/,[]
https://nyccivilrightshistory.org/images/dulce-michelle-marquez.jpg,200,OK,https://nyccivilrightshistory.org/project-history/,[]
https://nyccivilrightshistory.org/images/jorge-matos-valldejuli.jpg,200,OK,https://nyccivilrightshistory.org/project-history/,[]
https://nyccivilrightshistory.org/images/mara-mills.jpg,200,OK,https://nyccivilrightshistory.org/project-history/,[]
https://nyccivilrightshistory.org/images/rachel-a-norman.jpg,200,OK,https://nyccivilrightshistory.org/project-history/,[]
https://nyccivilrightshistory.org/images/nicolyn-plummer.jpg,200,OK,https://nyccivilrightshistory.org/project-history/,[]
https://nyccivilrightshistory.org/images/jill-rothstein.jpg,200,OK,https://nyccivilrightshistory.org/project-history/,[]
https://nyccivilrightshistory.org/images/zinn-education-project-logo_hu_680ac64fd63229db.jpg,200,OK,https://nyccivilrightshistory.org/news-and-events/,[]
https://www.zinnedproject.org/materials/nyc-civil-rights-history-project/,200,OK,https://nyccivilrightshistory.org/news-and-events/,[]
https://www.tc.columbia.edu/articles/2024/january/uncovering-nycs-hidden-history-with-the-civil-rights-history-project/,200,OK,https://nyccivilrightshistory.org/news-and-events/,[]
https://nyccivilrightshistory.org/images/primary-source-collage-sm_hu_e143779c70f95d28.jpg,200,OK,https://nyccivilrightshistory.org/news-and-events/,[]
https://nyccivilrightshistory.org/images/who-is-in-control_hu_773365d8e517da8b.jpg,200,OK,https://nyccivilrightshistory.org/news-and-events/,[]
https://nyccivilrightshistory.org/images/launch-event-panel_hu_d965b9cf4fae0bb5.jpg,200,OK,https://nyccivilrightshistory.org/news-and-events/,[]
https://www.eventbrite.com/e/who-is-in-control-a-history-of-school-governance-in-nyc-tickets-782234774267,200,OK,https://nyccivilrightshistory.org/news-and-events/,[]
https://nyccivilrightshistory.org/images/launch-cm-joseph_hu_cfec2f0c320c6818.jpg,200,OK,https://nyccivilrightshistory.org/news-and-events/,[]
https://jonathanvanness.com/podcast/whats-at-the-heart-of-black-disability-politics-with-professor-sami-schalk/,200,OK,https://nyccivilrightshistory.org/topics/black-latina-women/,[]
https://www.arisecoalition.org/,0,BROKEN,https://nyccivilrightshistory.org/key-concepts/,
https://www.law.columbia.edu/news/archive/kimberle-crenshaw-intersectionality-more-two-decades-later,200,OK,https://nyccivilrightshistory.org/topics/black-latina-women/,[]
https://nyccivilrightshistory.org/topics/black-latina-women/cisco-resisting-segregation,200,OK,https://nyccivilrightshistory.org/topics/black-latina-women/,[]
https://nyccivilrightshistory.org/topics/black-latina-women/lucile-spence,200,OK,https://nyccivilrightshistory.org/topics/black-latina-women/,[]
https://nyccivilrightshistory.org/images/two-public-school-teachers_hu_93426c86f98a4d2.jpg,200,OK,https://nyccivilrightshistory.org/topics/black-latina-women/,[]
https://www.youtube.com/watch?v=7pCnKdW5eXk,200,OK,https://nyccivilrightshistory.org/news-and-events/,[]
https://nyccivilrightshistory.org/topics/black-latina-women/harlem-nine,200,OK,https://nyccivilrightshistory.org/topics/black-latina-women/,[]
https://nyccivilrightshistory.org/images/mae-mallory-and-daughter_hu_28247a21f8d4b371.jpg,200,OK,https://nyccivilrightshistory.org/topics/black-latina-women/,[]
https://nyccivilrightshistory.org/images/willie-mae-and-marguerite-goodman_hu_a661679c7c9424a5.jpg,200,OK,https://nyccivilrightshistory.org/topics/black-latina-women/,[]
https://www.youtube.com/watch?v=i4TKLYOCo20,200,OK,https://nyccivilrightshistory.org/news-and-events/,[]
https://chicagounbound.uchicago.edu/cgi/viewcontent.cgi?article=1052&context=uclf,403,BROKEN,https://nyccivilrightshistory.org/topics/black-latina-women/,
https://nyccivilrightshistory.org/topics/black-latina-women/gouverneur-parents-association,200,OK,https://nyccivilrightshistory.org/topics/black-latina-women/,[]
https://nyccivilrightshistory.org/images/denise-oliver_hu_1bb96982fdeed2da.jpg,200,OK,https://nyccivilrightshistory.org/topics/black-latina-women/,[]
https://nyccivilrightshistory.org/topics/black-latina-women/young-lords,200,OK,https://nyccivilrightshistory.org/topics/black-latina-women/,[]
https://nyccivilrightshistory.org/images/audre-lorde-portrait_hu_770347a2c57ab34c.jpg,200,OK,https://nyccivilrightshistory.org/topics/black-latina-women/,[]
https://nyccivilrightshistory.org/topics/black-latina-women/audre-lorde-cuny,200,OK,https://nyccivilrightshistory.org/topics/black-latina-women/,[]
https://nyccivilrightshistory.org/topics/black-latina-women/united-bronx-parents,200,OK,https://nyccivilrightshistory.org/topics/black-latina-women/,[]
https://nyccivilrightshistory.org/images/evelina-antonetty-ubp-protest-lunch_hu_52449e71a3d89d63.jpg,200,OK,https://nyccivilrightshistory.org/topics/black-latina-women/,[]
https://nyccivilrightshistory.org/topics/black-latina-women/cisco-resisting-segregation/cisco-on-trial/,200,OK,https://nyccivilrightshistory.org/topics/black-latina-women/,[]
https://nyccivilrightshistory.org/topics/black-latina-women/cisco-resisting-segregation/cisco-vs-boe/,200,OK,https://nyccivilrightshistory.org/topics/black-latina-women/,[]
https://nyccivilrightshistory.org/topics/black-latina-women/cisco-resisting-segregation/elsberg-bill-signed/,200,OK,https://nyccivilrightshistory.org/topics/black-latina-women/,[]
https://nyccivilrightshistory.org/topics/black-latina-women/cisco-resisting-segregation/albany-evening-journal/,200,OK,https://nyccivilrightshistory.org/topics/black-latina-women/,[]
https://nyccivilrightshistory.org/topics/black-latina-women/cisco-resisting-segregation/elizabeth-cisco/,200,OK,https://nyccivilrightshistory.org/topics/black-latina-women/,[]
https://nyccivilrightshistory.org/topics/black-latina-women/lucile-spence/two-public-school-teachers/,200,OK,https://nyccivilrightshistory.org/topics/black-latina-women/,[]
https://nyccivilrightshistory.org/topics/black-latina-women/lucile-spence/wadleigh-zoning-map/,200,OK,https://nyccivilrightshistory.org/topics/black-latina-women/,[]
https://nyccivilrightshistory.org/topics/black-latina-women/lucile-spence/harlem-riot-report/,200,OK,https://nyccivilrightshistory.org/topics/black-latina-women/,[]
https://nyccivilrightshistory.org/topics/black-latina-women/lucile-spence/hotel-penn-meeting/,200,OK,https://nyccivilrightshistory.org/topics/black-latina-women/,[]
https://nyccivilrightshistory.org/topics/black-latina-women/gouverneur-parents-association/your-child-and-willowbrook/,200,OK,https://nyccivilrightshistory.org/topics/black-latina-women/,[]
https://nyccivilrightshistory.org/topics/black-latina-women/gouverneur-parents-association/we-kept-our-child-at-home/,200,OK,https://nyccivilrightshistory.org/topics/black-latina-women/,[]
https://nyccivilrightshistory.org/topics/black-latina-women/harlem-nine/subcommittee-on-zoning/,200,OK,https://nyccivilrightshistory.org/topics/black-latina-women/,[]
https://nyccivilrightshistory.org/topics/black-latina-women/harlem-nine/rather-go-to-jail/,200,OK,https://nyccivilrightshistory.org/topics/black-latina-women/,[]
https://nyccivilrightshistory.org/topics/black-latina-women/harlem-nine/jansen-must-go/,200,OK,https://nyccivilrightshistory.org/topics/black-latina-women/,[]
https://nyccivilrightshistory.org/topics/black-latina-women/harlem-nine/matter-of-skipwith/,200,OK,https://nyccivilrightshistory.org/topics/black-latina-women/,[]
https://nyccivilrightshistory.org/topics/black-latina-women/audre-lorde-cuny/viva-harlem-u/,200,OK,https://nyccivilrightshistory.org/topics/black-latina-women/,[]
https://nyccivilrightshistory.org/topics/black-latina-women/harlem-nine/mae-mallory-and-daughter/,200,OK,https://nyccivilrightshistory.org/topics/black-latina-women/,[]
https://nyccivilrightshistory.org/topics/black-latina-women/audre-lorde-cuny/we-demand/,200,OK,https://nyccivilrightshistory.org/topics/black-latina-women/,[]
https://nyccivilrightshistory.org/topics/black-latina-women/united-bronx-parents/evelina-antonetty-ubp-protest-lunch/,200,OK,https://nyccivilrightshistory.org/topics/black-latina-women/,[]
https://nyccivilrightshistory.org/topics/black-latina-women/young-lords/denise-oliver/,200,OK,https://nyccivilrightshistory.org/topics/black-latina-women/,[]
https://nyccivilrightshistory.org/topics/black-latina-women/united-bronx-parents/le-gustaria-que-sus-ninos/,200,OK,https://nyccivilrightshistory.org/topics/black-latina-women/,[]
https://nyccivilrightshistory.org/topics/black-latina-women/young-lords/iris-morales/,200,OK,https://nyccivilrightshistory.org/topics/black-latina-women/,[]
https://nyccivilrightshistory.org/topics/black-latina-women/young-lords/palante/,200,OK,https://nyccivilrightshistory.org/topics/black-latina-women/,[]
https://nyccivilrightshistory.org/topics/black-latina-women/united-bronx-parents/educational-needs-of-the-puerto-rican-child/,200,OK,https://nyccivilrightshistory.org/topics/black-latina-women/,[]
https://nyccivilrightshistory.org/topics/black-latina-women/gouverneur-parents-association/mom-worthy-opponent-for-state/,200,OK,https://nyccivilrightshistory.org/topics/black-latina-women/,[]
https://nyccivilrightshistory.org/topics/black-latina-women/gouverneur-parents-association/willie-mae-and-marguerite-goodman/,200,OK,https://nyccivilrightshistory.org/topics/black-latina-women/,[]
https://nyccivilrightshistory.org/topics/black-latina-women/audre-lorde-cuny/audre-lorde-portrait/,200,OK,https://nyccivilrightshistory.org/topics/black-latina-women/,[]
https://nyccivilrightshistory.org/topics/black-latina-women/united-bronx-parents/puerto-ricans/,200,OK,https://nyccivilrightshistory.org/topics/black-latina-women/,[]
https://nyccivilrightshistory.org/topics/black-latina-women/united-bronx-parents/evelina-antonetty-mural/,200,OK,https://nyccivilrightshistory.org/topics/black-latina-women/,[]
https://nyccivilrightshistory.org/topics/black-latina-women/gouverneur-parents-association/willie-mae-goodman/,200,OK,https://nyccivilrightshistory.org/topics/black-latina-women/,[]
https://nyccivilrightshistory.org/topics/black-latina-women/young-lords/women-of-the-young-lords-party/,200,OK,https://nyccivilrightshistory.org/topics/black-latina-women/,[]
https://nyccivilrightshistory.org/teaching-resources/close-reading-examples/brian-jones-video/,200,OK,https://nyccivilrightshistory.org/teaching-resources/close-reading-examples,[]
https://nyccivilrightshistory.org/images/brian-jones-video_hu_56fff452ac18d8e3.jpg,200,OK,https://nyccivilrightshistory.org/teaching-resources/close-reading-examples,[]
https://nyccivilrightshistory.org/images/cj-conglio-video_hu_c84ce069e1679991.jpg,200,OK,https://nyccivilrightshistory.org/teaching-resources/close-reading-examples,[]
https://nyccivilrightshistory.org/teaching-resources/close-reading-examples/cj-conglio-video/,200,OK,https://nyccivilrightshistory.org/teaching-resources/close-reading-examples,[]
https://nyccivilrightshistory.org/images/east-luna-video_hu_ec1c46abec480583.jpg,200,OK,https://nyccivilrightshistory.org/teaching-resources/close-reading-examples,[]
https://nyccivilrightshistory.org/teaching-resources/close-reading-examples/kadiatou-tubman-video/,200,OK,https://nyccivilrightshistory.org/teaching-resources/close-reading-examples,[]
https://nyccivilrightshistory.org/teaching-resources/close-reading-examples/nelly-luna-video/,200,OK,https://nyccivilrightshistory.org/teaching-resources/close-reading-examples,[]
https://nyccivilrightshistory.org/images/kadiatou-tubman-video_hu_74d9991440bc732e.jpg,200,OK,https://nyccivilrightshistory.org/teaching-resources/close-reading-examples,[]
https://nyccivilrightshistory.org/teaching-resources/close-reading-examples/kaliris-salas-ramirez-video/,200,OK,https://nyccivilrightshistory.org/teaching-resources/close-reading-examples,[]
https://nyccivilrightshistory.org/images/kaliris-salas-ramirez-video_hu_ce2c84be9fc20928.jpg,200,OK,https://nyccivilrightshistory.org/teaching-resources/close-reading-examples,[]
https://nyccivilrightshistory.org/teaching-resources/close-reading-examples/nicolyn-plummer-video/,200,OK,https://nyccivilrightshistory.org/teaching-resources/close-reading-examples,[]
https://nyccivilrightshistory.org/images/nicolyn-plummer-video_hu_fd02c5352c5ee348.jpg,200,OK,https://nyccivilrightshistory.org/teaching-resources/close-reading-examples,[]
https://nyccivilrightshistory.org/images/ny-institute-for-deaf.jpg,200,OK,https://nyccivilrightshistory.org/gallery/ny-institute-for-deaf/,[]
https://nyccivilrightshistory.org/plain-text/ny-institute-for-deaf,200,OK,https://nyccivilrightshistory.org/gallery/ny-institute-for-deaf/,[]
https://nyccivilrightshistory.org/gallery/ps47,200,OK,https://nyccivilrightshistory.org/gallery/ny-institute-for-deaf/,[]
https://nyccivilrightshistory.org/images/ny-institute-for-deaf.pdf,200,OK,https://nyccivilrightshistory.org/gallery/ny-institute-for-deaf/,[]
https://nyccivilrightshistory.org/categories/K-12-organizing/,200,OK,https://nyccivilrightshistory.org/gallery/ny-institute-for-deaf/,[]
https://nyccivilrightshistory.org/categories/New-York-State/,200,OK,https://nyccivilrightshistory.org/gallery/ny-institute-for-deaf/,[]
https://gallaudet.edu/museum/history/thomas-hopkins-gallaudet-meets-alice-cogswell/,403,BROKEN,https://nyccivilrightshistory.org/gallery/ny-institute-for-deaf/,
https://nyccivilrightshistory.org/tags/Deaf-culture/,200,OK,https://nyccivilrightshistory.org/gallery/ny-institute-for-deaf/,[]
https://nyccivilrightshistory.org/tags/racist-segregation/,200,OK,https://nyccivilrightshistory.org/gallery/ny-institute-for-deaf/,[]
https://gallaudet.edu/museum/exhibits/history-through-deaf-eyes/awareness-access-and-change/american-sign-language-a-language-recognized/,403,BROKEN,https://nyccivilrightshistory.org/gallery/ny-institute-for-deaf/,
https://www.nytimes.com/1998/03/05/nyregion/new-york-to-teach-deaf-in-sign-language-then-english.html,403,BROKEN,https://nyccivilrightshistory.org/gallery/ny-institute-for-deaf/,
https://nyccivilrightshistory.org/tags/American-Sign-Language/,200,OK,https://nyccivilrightshistory.org/gallery/ny-institute-for-deaf/,[]
https://nyccivilrightshistory.org/tags/self-determination/,200,OK,https://nyccivilrightshistory.org/gallery/ny-institute-for-deaf/,[]
https://nyccivilrightshistory.org/tags/Disabled-people/,200,OK,https://nyccivilrightshistory.org/gallery/ny-institute-for-deaf/,[]
https://nyccivilrightshistory.org/tags/institutionalization-of-Disabled-people-and-people-labeled-disabled/,200,OK,https://nyccivilrightshistory.org/gallery/ny-institute-for-deaf/,[]
https://nyccivilrightshistory.org/categories/,200,OK,https://nyccivilrightshistory.org/categories,[]
https://nyccivilrightshistory.org/topics/seeking-equity-for-disabled-students/beginnings-of-special-ed,200,OK,https://nyccivilrightshistory.org/gallery/ny-institute-for-deaf/,[]
https://nyccivilrightshistory.org/categories/bronx,404,BROKEN,https://nyccivilrightshistory.org/categories,
https://nyccivilrightshistory.org/categories/brooklyn,404,BROKEN,https://nyccivilrightshistory.org/categories,
https://nyccivilrightshistory.org/gallery/ny-institute-for-deaf,200,OK,https://nyccivilrightshistory.org/gallery/ny-institute-for-deaf/,[]
https://nyccivilrightshistory.org/categories/manhattan,404,BROKEN,https://nyccivilrightshistory.org/categories,
https://nyccivilrightshistory.org/categories/new-york-state,404,BROKEN,https://nyccivilrightshistory.org/categories,
https://nyccivilrightshistory.org/categories/queens,404,BROKEN,https://nyccivilrightshistory.org/categories,
https://nyccivilrightshistory.org/categories/staten-island,404,BROKEN,https://nyccivilrightshistory.org/categories,
https://nyccivilrightshistory.org/categories/adult-education,200,OK,https://nyccivilrightshistory.org/categories,[]
https://nyccivilrightshistory.org/categories/higher-education,200,OK,https://nyccivilrightshistory.org/categories,[]
https://collections.nlm.nih.gov/catalog/nlm:nlmuid-60530610R-bk,200,OK,https://nyccivilrightshistory.org/gallery/ny-institute-for-deaf/,[]
https://nyccivilrightshistory.org/categories/k-12-organizing,404,BROKEN,https://nyccivilrightshistory.org/categories,
https://nyccivilrightshistory.org/categories/special-education,200,OK,https://nyccivilrightshistory.org/categories,[]
https://nyccivilrightshistory.org/categories/community-activism,200,OK,https://nyccivilrightshistory.org/categories,[]
https://nyccivilrightshistory.org/categories/parent-activism,200,OK,https://nyccivilrightshistory.org/categories,[]
https://nyccivilrightshistory.org/categories/student-activism,200,OK,https://nyccivilrightshistory.org/categories,[]
https://nyccivilrightshistory.org/tags/ableist-ideas/,200,OK,https://nyccivilrightshistory.org/tags,[]
https://nyccivilrightshistory.org/tags/,200,OK,https://nyccivilrightshistory.org/tags,[]
https://nyccivilrightshistory.org/categories/teacher-activism,200,OK,https://nyccivilrightshistory.org/categories,[]
https://nyccivilrightshistory.org/tags/architectural-barriers/,200,OK,https://nyccivilrightshistory.org/tags,[]
https://nyccivilrightshistory.org/tags/Asian-American-people/,200,OK,https://nyccivilrightshistory.org/tags,[]
https://nyccivilrightshistory.org/tags/athletics/,200,OK,https://nyccivilrightshistory.org/tags,[]
https://nyccivilrightshistory.org/tags/autonomous-educational-spaces/,200,OK,https://nyccivilrightshistory.org/tags,[]
https://nyccivilrightshistory.org/tags/bilingual-education/,200,OK,https://nyccivilrightshistory.org/tags,[]
https://nyccivilrightshistory.org/tags/Black-people/,200,OK,https://nyccivilrightshistory.org/tags,[]
https://nyccivilrightshistory.org/tags/blindness-and-low-vision/,200,OK,https://nyccivilrightshistory.org/tags,[]
https://nyccivilrightshistory.org/tags/charter-schools/,200,OK,https://nyccivilrightshistory.org/tags,[]
https://nyccivilrightshistory.org/tags/childhood/,200,OK,https://nyccivilrightshistory.org/tags,[]
https://nyccivilrightshistory.org/tags/communication/,200,OK,https://nyccivilrightshistory.org/tags,[]
https://nyccivilrightshistory.org/tags/communism/,200,OK,https://nyccivilrightshistory.org/tags,[]
https://nyccivilrightshistory.org/tags/court-cases/,200,OK,https://nyccivilrightshistory.org/tags,[]
https://nyccivilrightshistory.org/tags/curriculum/,200,OK,https://nyccivilrightshistory.org/tags,[]
https://nyccivilrightshistory.org/tags/democracy/,200,OK,https://nyccivilrightshistory.org/tags,[]
https://nyccivilrightshistory.org/tags/disability-labels/,200,OK,https://nyccivilrightshistory.org/tags,[]
https://nyccivilrightshistory.org/tags/emotional-disabilities/,200,OK,https://nyccivilrightshistory.org/tags,[]
https://nyccivilrightshistory.org/tags/exclusion-from-schooling/,200,OK,https://nyccivilrightshistory.org/tags,[]
https://nyccivilrightshistory.org/tags/employment/,200,OK,https://nyccivilrightshistory.org/tags,[]
https://nyccivilrightshistory.org/tags/government-reports/,200,OK,https://nyccivilrightshistory.org/tags,[]
https://nyccivilrightshistory.org/tags/Harlem/,200,OK,https://nyccivilrightshistory.org/tags,[]
https://nyccivilrightshistory.org/tags/housing/,200,OK,https://nyccivilrightshistory.org/tags,[]
https://nyccivilrightshistory.org/tags/immigrants-and-migrants/,200,OK,https://nyccivilrightshistory.org/tags,[]
https://nyccivilrightshistory.org/tags/intellectual-disabilities/,200,OK,https://nyccivilrightshistory.org/tags,[]
https://nyccivilrightshistory.org/tags/joy/,200,OK,https://nyccivilrightshistory.org/tags,[]
https://nyccivilrightshistory.org/tags/labor-unions/,200,OK,https://nyccivilrightshistory.org/tags,[]
https://nyccivilrightshistory.org/tags/Latinx-people/,200,OK,https://nyccivilrightshistory.org/tags,[]
https://nyccivilrightshistory.org/tags/learning-disability/,200,OK,https://nyccivilrightshistory.org/tags,[]
https://nyccivilrightshistory.org/tags/legislation/,200,OK,https://nyccivilrightshistory.org/tags,[]
https://nyccivilrightshistory.org/tags/mayoral-control/,200,OK,https://nyccivilrightshistory.org/tags,[]
https://nyccivilrightshistory.org/tags/NAACP/,200,OK,https://nyccivilrightshistory.org/tags,[]
https://nyccivilrightshistory.org/tags/multiracial-organizing/,200,OK,https://nyccivilrightshistory.org/tags,[]
https://nyccivilrightshistory.org/tags/North-and-South/,200,OK,https://nyccivilrightshistory.org/tags,[]
https://nyccivilrightshistory.org/tags/newspapers-and-the-media/,200,OK,https://nyccivilrightshistory.org/tags,[]
https://nyccivilrightshistory.org/tags/photography-imagery-and-visual-representation/,200,OK,https://nyccivilrightshistory.org/tags,[]
https://nyccivilrightshistory.org/tags/organizing/,200,OK,https://nyccivilrightshistory.org/tags,[]
https://nyccivilrightshistory.org/tags/physical-disabilities/,200,OK,https://nyccivilrightshistory.org/tags,[]
https://nyccivilrightshistory.org/tags/poverty/,200,OK,https://nyccivilrightshistory.org/tags,[]
https://nyccivilrightshistory.org/tags/protest/,200,OK,https://nyccivilrightshistory.org/tags,[]
https://nyccivilrightshistory.org/tags/policing-and-the-criminal-legal-system/,200,OK,https://nyccivilrightshistory.org/tags,[]
https://nyccivilrightshistory.org/tags/queer-people/,200,OK,https://nyccivilrightshistory.org/tags,[]
https://nyccivilrightshistory.org/tags/school-administration/,200,OK,https://nyccivilrightshistory.org/tags,[]
https://nyccivilrightshistory.org/tags/racist-ideas/,200,OK,https://nyccivilrightshistory.org/tags,[]
https://nyccivilrightshistory.org/tags/school-choice/,200,OK,https://nyccivilrightshistory.org/tags,[]
https://nyccivilrightshistory.org/tags/social-and-economic-class/,200,OK,https://nyccivilrightshistory.org/tags,[]
https://nyccivilrightshistory.org/tags/self-advocacy/,200,OK,https://nyccivilrightshistory.org/tags,[]
https://nyccivilrightshistory.org/tags/school-facilities/,200,OK,https://nyccivilrightshistory.org/tags,[]
https://nyccivilrightshistory.org/tags/Spanish-language/,200,OK,https://nyccivilrightshistory.org/tags,[]
https://nyccivilrightshistory.org/tags/student-writing/,200,OK,https://nyccivilrightshistory.org/tags,[]
https://nyccivilrightshistory.org/tags/student-achievement/,200,OK,https://nyccivilrightshistory.org/tags,[]
https://nyccivilrightshistory.org/tags/teacher-quality/,200,OK,https://nyccivilrightshistory.org/tags,[]
https://nyccivilrightshistory.org/tags/teachers-unions/,200,OK,https://nyccivilrightshistory.org/tags,[]
https://nyccivilrightshistory.org/tags/white-liberalism/,200,OK,https://nyccivilrightshistory.org/tags,[]
https://nyccivilrightshistory.org/tags/the-arts/,200,OK,https://nyccivilrightshistory.org/tags,[]
https://nyccivilrightshistory.org/tags/transportation/,200,OK,https://nyccivilrightshistory.org/tags,[]
https://nyccivilrightshistory.org/tags/white-people/,200,OK,https://nyccivilrightshistory.org/tags,[]
https://nyccivilrightshistory.org/tags/womens-activism/,200,OK,https://nyccivilrightshistory.org/tags,[]
https://nyccivilrightshistory.org/images/blackwells-island.jpg,200,OK,https://nyccivilrightshistory.org/gallery/blackwells-island/,[]
https://nyccivilrightshistory.org/tags/zoning-and-student-assignment/,200,OK,https://nyccivilrightshistory.org/tags,[]
https://nyccivilrightshistory.org/gallery/keller-ny-point,200,OK,https://nyccivilrightshistory.org/gallery/blackwells-island/,[]
https://nyccivilrightshistory.org/categories/Manhattan/,200,OK,https://nyccivilrightshistory.org/gallery/blackwells-island/,[]
https://nyccivilrightshistory.org/categories/adult-education/,200,OK,https://nyccivilrightshistory.org/gallery/blackwells-island/,[]
https://nyccivilrightshistory.org/images/idiot-school-randalls-island.jpg,200,OK,https://nyccivilrightshistory.org/gallery/idiot-school-randalls-island/,[]
https://nyccivilrightshistory.org/gallery/blackwells-island,200,OK,https://nyccivilrightshistory.org/gallery/blackwells-island/,[]
https://digitalcollections.nypl.org/items/510d47e0-d6d7-a3d9-e040-e00a18064a99,200,OK,https://nyccivilrightshistory.org/gallery/idiot-school-randalls-island/,[]
https://www.nyise.org/apps/news/article/686027,200,OK,https://nyccivilrightshistory.org/gallery/blackwells-island/,[]
https://nyccivilrightshistory.org/gallery/idiot-school-randalls-island,200,OK,https://nyccivilrightshistory.org/gallery/idiot-school-randalls-island/,[]
https://nyccivilrightshistory.org/images/grammar-school-33.jpg,200,OK,https://nyccivilrightshistory.org/gallery/grammar-school-33/,[]
https://nyccivilrightshistory.org/topics/black-latina-women/cisco-resisting-segregation/,200,OK,https://nyccivilrightshistory.org/gallery/grammar-school-33/,[]
https://www.jstor.org/stable/367352,200,OK,https://nyccivilrightshistory.org/gallery/grammar-school-33/,[]
https://www.npr.org/sections/codeswitch/2014/02/10/267561895/it-took-a-eugenicist-to-come-up-with-moron,200,OK,https://nyccivilrightshistory.org/gallery/idiot-school-randalls-island/,[]
https://www.gothamcenter.org/blog/the-colored-people-have-dispersed-race-space-and-schooling-in-late-19th-century-brooklyn,200,OK,https://nyccivilrightshistory.org/gallery/grammar-school-33/,[]
https://digitalcollections.nypl.org/items/510d47e1-ebe8-a3d9-e040-e00a18064a99,200,OK,https://nyccivilrightshistory.org/gallery/grammar-school-33/,[]
https://advocatesforchildren.org/policy-resource/lre-coalition-still-waiting/,200,OK,https://nyccivilrightshistory.org/gallery/grammar-school-33/,[]
https://nyccivilrightshistory.org/topics/who-governs-schools/masses-to-experts,200,OK,https://nyccivilrightshistory.org/gallery/grammar-school-33/,[]
https://nyccivilrightshistory.org/gallery/grammar-school-33,200,OK,https://nyccivilrightshistory.org/gallery/grammar-school-33/,[]
https://nyccivilrightshistory.org/images/map-nyc-islands.jpg,200,OK,https://nyccivilrightshistory.org/gallery/map-nyc-islands/,[]
https://nyccivilrightshistory.org/gallery/map-nyc-islands,200,OK,https://nyccivilrightshistory.org/gallery/map-nyc-islands/,[]
https://nycrecords.access.preservica.com/uncategorized/IO_9d0df5b5-7f02-4004-ba07-ce1d6c405ff3/,200,OK,https://nyccivilrightshistory.org/gallery/blackwells-island/,[]
https://nyccivilrightshistory.org/images/first-patriotic-election.jpg,200,OK,https://nyccivilrightshistory.org/gallery/first-patriotic-election/,[]
https://www.google.com/books/edition/Annual_Report/lzQXAAAAYAAJ?hl=en&gbpv=1&dq=%22children%27s+aid+society%22+%22industrial+schools%22&pg=PA747&printsec=frontcover,200,OK,https://nyccivilrightshistory.org/gallery/first-patriotic-election/,[]
https://www.davidrumsey.com/luna/servlet/detail/RUMSEY~8~1~31479~1150435:New-York-N-,200,OK,https://nyccivilrightshistory.org/gallery/map-nyc-islands/,[]
https://nyccivilrightshistory.org/gallery/first-patriotic-election,200,OK,https://nyccivilrightshistory.org/gallery/first-patriotic-election/,[]
https://nyccivilrightshistory.org/images/cisco-on-trial.jpg,200,OK,https://nyccivilrightshistory.org/gallery/cisco-on-trial/,[]
https://nyccivilrightshistory.org/plain-text/cisco-on-trial,200,OK,https://nyccivilrightshistory.org/gallery/cisco-on-trial/,[]
https://nyccivilrightshistory.org/categories/Queens/,200,OK,https://nyccivilrightshistory.org/gallery/cisco-on-trial/,[]
https://www.loc.gov/exhibits/jacob-riis/riis-and-reform.html,200,OK,https://nyccivilrightshistory.org/gallery/first-patriotic-election/,[]
https://collections.mcny.org/CS.aspx?VP3=SearchResult&VBID=24UP1GQCQY76O&PN=1&WS=SearchResults,200,OK,https://nyccivilrightshistory.org/gallery/first-patriotic-election/,[]
https://nyccivilrightshistory.org/categories/parent-activism/,200,OK,https://nyccivilrightshistory.org/gallery/cisco-on-trial/,[]
https://nyccivilrightshistory.org/topics/black-latina-women,200,OK,https://nyccivilrightshistory.org/gallery/cisco-on-trial/,[]
https://nyccivilrightshistory.org/gallery/cisco-on-trial,200,OK,https://nyccivilrightshistory.org/gallery/cisco-on-trial/,[]
https://nyccivilrightshistory.org/images/cisco-vs-boe.jpg,200,OK,https://nyccivilrightshistory.org/gallery/cisco-vs-boe/,[]
https://nyccivilrightshistory.org/images/cisco-vs-boe.pdf,200,OK,https://nyccivilrightshistory.org/gallery/cisco-vs-boe/,[]
https://nyccivilrightshistory.org/plain-text/cisco-vs-boe,200,OK,https://nyccivilrightshistory.org/gallery/cisco-vs-boe/,[]
https://nyccivilrightshistory.org/gallery/cisco-vs-boe,200,OK,https://nyccivilrightshistory.org/gallery/cisco-vs-boe/,[]
https://nyccivilrightshistory.org/images/elsberg-bill-signed.jpg,200,OK,https://nyccivilrightshistory.org/gallery/elsberg-bill-signed/,[]
https://nyccivilrightshistory.org/images/albany-evening-journal.jpg,200,OK,https://nyccivilrightshistory.org/gallery/albany-evening-journal/,[]
https://nyccivilrightshistory.org/plain-text/elsberg-bill-signed,200,OK,https://nyccivilrightshistory.org/gallery/elsberg-bill-signed/,[]
https://nyccivilrightshistory.org/gallery/elsberg-bill-signed,200,OK,https://nyccivilrightshistory.org/gallery/elsberg-bill-signed/,[]
https://nyccivilrightshistory.org/plain-text/albany-evening-journal,200,OK,https://nyccivilrightshistory.org/gallery/albany-evening-journal/,[]
https://nyccivilrightshistory.org/gallery/albany-evening-journal,200,OK,https://nyccivilrightshistory.org/gallery/albany-evening-journal/,[]
https://nyccivilrightshistory.org/gallery/elizabeth-cisco,200,OK,https://nyccivilrightshistory.org/gallery/elizabeth-cisco/,[]
https://nyccivilrightshistory.org/images/elizabeth-farrell.jpg,200,OK,https://nyccivilrightshistory.org/gallery/elizabeth-farrell/,[]
https://nyccivilrightshistory.org/topics/seeking-equity/tests-labels-and-segregation/,404,BROKEN,https://nyccivilrightshistory.org/gallery/elizabeth-farrell/,
https://randallsisland.org/timeline/,200,OK,https://nyccivilrightshistory.org/gallery/map-nyc-islands/,[]
https://nyccivilrightshistory.org/gallery/elizabeth-farrell,200,OK,https://nyccivilrightshistory.org/gallery/elizabeth-farrell/,[]
https://exceptionalchildren.org/,200,OK,https://nyccivilrightshistory.org/gallery/elizabeth-farrell/,[]
https://www.nytimes.com/1932/10/17/archives/elizabeth-farrell-dies-in-cleveland-founded-ungraded-class-system.html,403,BROKEN,https://nyccivilrightshistory.org/gallery/elizabeth-farrell/,
https://nyccivilrightshistory.org/images/a-days-work.jpg,200,OK,https://nyccivilrightshistory.org/gallery/a-days-work/,[]
https://www.mcny.org/sites/default/files/2021-06/MCNYElizabethJenningsGraham.pdf,200,OK,https://nyccivilrightshistory.org/gallery/elizabeth-cisco/,[]
https://nyccivilrightshistory.org/gallery/a-days-work,200,OK,https://nyccivilrightshistory.org/gallery/a-days-work/,[]
https://nyccivilrightshistory.org/topics/who-governs-schools/masses-to-experts/,200,OK,https://nyccivilrightshistory.org/gallery/a-days-work/,[]
https://nyccivilrightshistory.org/images/high-tide-of-immigration.jpg,200,OK,https://nyccivilrightshistory.org/gallery/high-tide-of-immigration/,[]
https://nyccivilrightshistory.org/categories/national/,200,OK,https://nyccivilrightshistory.org/gallery/high-tide-of-immigration/,[]
https://nyccivilrightshistory.org/plain-text/high-tide-of-immigration,200,OK,https://nyccivilrightshistory.org/gallery/high-tide-of-immigration/,[]
https://nyccivilrightshistory.org/gallery/high-tide-of-immigration,200,OK,https://nyccivilrightshistory.org/gallery/high-tide-of-immigration/,[]
https://nyccivilrightshistory.org/images/nyc-schools-what-they-cost.jpg,200,OK,https://nyccivilrightshistory.org/gallery/nyc-schools-what-they-cost/,[]
https://shec.ashp.cuny.edu/files/original/d_4725_watermarked150_3acbee8f7e.jpg,200,OK,https://nyccivilrightshistory.org/gallery/high-tide-of-immigration/,[]
https://nyccivilrightshistory.org/plain-text/nyc-schools-what-they-cost,200,OK,https://nyccivilrightshistory.org/gallery/nyc-schools-what-they-cost/,[]
https://www.nytimes.com/1908/09/13/archives/new-york-citys-schools-and-what-they-cost-the-greatest-system-in.html,403,BROKEN,https://nyccivilrightshistory.org/gallery/nyc-schools-what-they-cost/,
https://nyccivilrightshistory.org/images/nyc-schools-what-they-cost.pdf,200,OK,https://nyccivilrightshistory.org/gallery/nyc-schools-what-they-cost/,[]
https://nyccivilrightshistory.org/gallery/nyc-schools-what-they-cost,200,OK,https://nyccivilrightshistory.org/gallery/nyc-schools-what-they-cost/,[]
https://nyccivilrightshistory.org/images/ps47.jpg,200,OK,https://nyccivilrightshistory.org/gallery/ps47/,[]
https://nyccivilrightshistory.org/topics/joyful-struggle/deaf-social-spaces,200,OK,https://nyccivilrightshistory.org/gallery/ps47/,[]
https://nyccivilrightshistory.org/topics/joyful-struggle,200,OK,https://nyccivilrightshistory.org/gallery/ps47/,[]
https://archive.org/details/sim_worlds-work_1902-10_4_6/page/2644/mode/1up,200,OK,https://nyccivilrightshistory.org/gallery/a-days-work/,[]
https://archive.org/details/sim_worlds-work_1902-10_4_6/page/2634/mode/1up,200,OK,https://nyccivilrightshistory.org/gallery/a-days-work/,[]
https://nyccivilrightshistory.org/images/keller-ny-point.jpg,200,OK,https://nyccivilrightshistory.org/gallery/keller-ny-point/,[]
https://nyccivilrightshistory.org/plain-text/keller-ny-point,200,OK,https://nyccivilrightshistory.org/gallery/keller-ny-point/,[]
https://nyccivilrightshistory.org/categories/community-activism/,200,OK,https://nyccivilrightshistory.org/gallery/keller-ny-point/,[]
https://nycdisabilityrightsarchive.org/,200,OK,https://nyccivilrightshistory.org/project-history/,[]
https://nyccivilrightshistory.org/topics/seeking-equity-for-disabled-students/right-to-communicate,200,OK,https://nyccivilrightshistory.org/gallery/keller-ny-point/,[]
https://www.nytimes.com/1909/03/25/archives/the-blind-dispute-rival-booksy-systems-professor-reads-his-speech.html,403,BROKEN,https://nyccivilrightshistory.org/gallery/keller-ny-point/,
"https://nycma.lunaimaging.com/luna/servlet/detail/RECORDSPHOTOUNITARC~22~22~1401501~169962:PS-47,-Manhattan--exterior?qvq=q:deaf&mi=0&trs=816",0,BROKEN,https://nyccivilrightshistory.org/gallery/ps47/,
https://nyccivilrightshistory.org/images/delinquent-girls.jpg,200,OK,https://nyccivilrightshistory.org/gallery/delinquent-girls/,[]
https://www.afb.org/about-afb/history/online-library/war-dots,200,OK,https://nyccivilrightshistory.org/gallery/keller-ny-point/,[]
https://nyccivilrightshistory.org/gallery/binet-simon,200,OK,https://nyccivilrightshistory.org/gallery/delinquent-girls/,[]
https://nyccivilrightshistory.org/topics/seeking-equity-for-disabled-students/disability-incarceration,200,OK,https://nyccivilrightshistory.org/gallery/delinquent-girls/,[]
https://nyccivilrightshistory.org/images/feeble-minded-in-ny.jpg,200,OK,https://nyccivilrightshistory.org/gallery/feeble-minded-in-ny/,[]
https://nyccivilrightshistory.org/gallery/delinquent-girls,200,OK,https://nyccivilrightshistory.org/gallery/delinquent-girls/,[]
https://nyccivilrightshistory.org/plain-text/feeble-minded-in-ny,200,OK,https://nyccivilrightshistory.org/gallery/feeble-minded-in-ny/,[]
https://nyccivilrightshistory.org/images/feeble-minded-in-ny.pdf,200,OK,https://nyccivilrightshistory.org/gallery/feeble-minded-in-ny/,[]
https://nyccivilrightshistory.org/topics/seeking-equity-for-disabled-students/tests-labels-and-segregation,200,OK,https://nyccivilrightshistory.org/gallery/feeble-minded-in-ny/,[]
https://nyccivilrightshistory.org/gallery/feeble-minded-in-ny,200,OK,https://nyccivilrightshistory.org/gallery/feeble-minded-in-ny/,[]
https://nyccivilrightshistory.org/images/william-maxwell.jpg,200,OK,https://nyccivilrightshistory.org/gallery/william-maxwell/,[]
https://nyccivilrightshistory.org/content/gallery/two-public-school-teachers,404,BROKEN,https://nyccivilrightshistory.org/gallery/william-maxwell/,
https://nyccivilrightshistory.org/content/gallery/elizabeth-cisco,404,BROKEN,https://nyccivilrightshistory.org/gallery/william-maxwell/,
https://nyccivilrightshistory.org/gallery/william-maxwell,200,OK,https://nyccivilrightshistory.org/gallery/william-maxwell/,[]
https://nyccivilrightshistory.org/images/binet-simon_hu_4d176f83bfee14f6.jpg,200,OK,https://nyccivilrightshistory.org/gallery/page/2/,[]
https://nyccivilrightshistory.org/images/army-test_hu_5b1395c9b930af4a.jpg,200,OK,https://nyccivilrightshistory.org/gallery/page/2/,[]
https://nyccivilrightshistory.org/images/brownies-2_hu_c94b53afa5060d4d.jpg,200,OK,https://nyccivilrightshistory.org/gallery/page/2/,[]
https://nyccivilrightshistory.org/images/survey-of-cripples_hu_98f74c3d36d59d57.jpg,200,OK,https://nyccivilrightshistory.org/gallery/page/2/,[]
https://nyccivilrightshistory.org/images/brownies-1_hu_37dc1553ca817370.jpg,200,OK,https://nyccivilrightshistory.org/gallery/page/2/,[]
https://nyccivilrightshistory.org/images/brownies-3_hu_adcb176b40f2ca28.jpg,200,OK,https://nyccivilrightshistory.org/gallery/page/2/,[]
https://nyccivilrightshistory.org/images/race-intelligence_hu_a59340c3beb88ac9.jpg,200,OK,https://nyccivilrightshistory.org/gallery/page/2/,[]
https://nyccivilrightshistory.org/images/chart-of-inmates_hu_e99b2f09081acf53.jpg,200,OK,https://nyccivilrightshistory.org/gallery/page/2/,[]
https://nyccivilrightshistory.org/images/nationality-of-pupils_hu_87e30f569c269c4f.jpg,200,OK,https://nyccivilrightshistory.org/gallery/page/2/,[]
https://nyccivilrightshistory.org/images/brotherhood-of-sleeping-car-porters_hu_54a32621bfb085ba.jpg,200,OK,https://nyccivilrightshistory.org/gallery/page/2/,[]
https://nyccivilrightshistory.org/images/two-public-school-teachers_hu_31943e2294d0af8b.jpg,200,OK,https://nyccivilrightshistory.org/gallery/page/2/,[]
https://nyccivilrightshistory.org/images/wadleigh-zoning-map_hu_f5baa490ba2fa5a3.jpg,200,OK,https://nyccivilrightshistory.org/gallery/page/2/,[]
https://nyccivilrightshistory.org/images/harlem-riot-report_hu_1c6a3ef7177196a1.jpg,200,OK,https://nyccivilrightshistory.org/gallery/page/2/,[]
https://nyccivilrightshistory.org/images/hotel-penn-meeting_hu_f12b9eaaf951a729.jpg,200,OK,https://nyccivilrightshistory.org/gallery/page/2/,[]
https://nyccivilrightshistory.org/images/holc-map_hu_56e894fc74c1cdb3.jpg,200,OK,https://nyccivilrightshistory.org/gallery/page/2/,[]
https://nyccivilrightshistory.org/images/underwriting-manual_hu_bb42506bb3958e38.jpg,200,OK,https://nyccivilrightshistory.org/gallery/page/2/,[]
https://nyccivilrightshistory.org/images/school-housing-program_hu_dc9ba59d270be97f.jpg,200,OK,https://nyccivilrightshistory.org/gallery/page/2/,[]
https://nyccivilrightshistory.org/images/children-campaign_hu_b37cb6d7f5399652.jpg,200,OK,https://nyccivilrightshistory.org/gallery/page/2/,[]
https://nyccivilrightshistory.org/images/club-borinquen_hu_5b8d92395f4c5e12.jpg,200,OK,https://nyccivilrightshistory.org/gallery/page/2/,[]
https://nyccivilrightshistory.org/images/jim-crow-school-kids_hu_9ce1739f94e92ee.jpg,200,OK,https://nyccivilrightshistory.org/gallery/page/2/,[]
https://nyccivilrightshistory.org/images/naacp-youth-council_hu_c06461166ac103f4.jpg,200,OK,https://nyccivilrightshistory.org/gallery/page/3/,[]
https://nyccivilrightshistory.org/images/your-child-and-willowbrook_hu_56ca91f1a0fcb0fb.jpg,200,OK,https://nyccivilrightshistory.org/gallery/page/3/,[]
https://nyccivilrightshistory.org/gallery/page/4/,200,OK,https://nyccivilrightshistory.org/gallery/page/2/,[]
https://nyccivilrightshistory.org/images/first-billboard_hu_15ac29fd2aef6d61.jpg,200,OK,https://nyccivilrightshistory.org/gallery/page/3/,[]
https://nyccivilrightshistory.org/images/we-kept-our-child-at-home_hu_4d3d8ae928865f30.jpg,200,OK,https://nyccivilrightshistory.org/gallery/page/3/,[]
https://nyccivilrightshistory.org/images/check-your-school-questionnaire_hu_c33da0a2cce0a904.jpg,200,OK,https://nyccivilrightshistory.org/gallery/page/3/,[]
https://nyccivilrightshistory.org/images/jansen-must-go_hu_c730f3afd96a7a15.jpg,200,OK,https://nyccivilrightshistory.org/gallery/page/3/,[]
https://nyccivilrightshistory.org/images/subcommittee-on-zoning_hu_4de2cc74408c0eb4.jpg,200,OK,https://nyccivilrightshistory.org/gallery/page/3/,[]
https://nyccivilrightshistory.org/images/real-camping-for-handicapped_hu_ffc3d29eac9fea48.jpg,200,OK,https://nyccivilrightshistory.org/gallery/page/3/,[]
https://archive.org/details/worldswork25gard/page/126/mode/2up,200,OK,https://nyccivilrightshistory.org/gallery/william-maxwell/,[]
https://nyccivilrightshistory.org/images/scholarships-to-handicapped-adults_hu_5779e33b6e632e1f.jpg,200,OK,https://nyccivilrightshistory.org/gallery/page/3/,[]
https://nyccivilrightshistory.org/images/memorandum-to-counselors_hu_f7d6acebe12e051c.jpg,200,OK,https://nyccivilrightshistory.org/gallery/page/3/,[]
https://nyccivilrightshistory.org/images/rather-go-to-jail_hu_d18dd098296c5ba2.jpg,200,OK,https://nyccivilrightshistory.org/gallery/page/3/,[]
https://nyccivilrightshistory.org/images/matter-of-skipwith_hu_13ed7acd076444d9.jpg,200,OK,https://nyccivilrightshistory.org/gallery/page/3/,[]
https://nyccivilrightshistory.org/images/mae-mallory-and-daughter_hu_3e1fe19d152ed150.jpg,200,OK,https://nyccivilrightshistory.org/gallery/page/3/,[]
https://nyccivilrightshistory.org/images/white-queens-mothers-protest-desegregation_hu_32c3b3a55b38f22.jpg,200,OK,https://nyccivilrightshistory.org/gallery/page/3/,[]
https://nyccivilrightshistory.org/images/letter-to-president-kennedy_hu_7bd9d56e732e25ba.jpg,200,OK,https://nyccivilrightshistory.org/gallery/page/3/,[]
https://nyccivilrightshistory.org/images/life-magazine-cover_hu_50918e1c15ffb86f.jpg,200,OK,https://nyccivilrightshistory.org/gallery/page/3/,[]
https://nyccivilrightshistory.org/images/shoe-shine-boys_hu_84be167ab0a340c3.jpg,200,OK,https://nyccivilrightshistory.org/gallery/page/3/,[]
https://nyccivilrightshistory.org/images/a-boycott-solves-nothing_hu_64fe6d33b3317955.jpg,200,OK,https://nyccivilrightshistory.org/gallery/page/3/,[]
https://nyccivilrightshistory.org/images/why-the-school-boycott_hu_20c9fab5e8da9f6e.jpg,200,OK,https://nyccivilrightshistory.org/gallery/page/3/,[]
https://nyccivilrightshistory.org/images/school-boycott_hu_49d46d4dcd74573.jpg,200,OK,https://nyccivilrightshistory.org/gallery/page/3/,[]
https://nyccivilrightshistory.org/gallery/page/5/,200,OK,https://nyccivilrightshistory.org/gallery/page/3/,[]
https://nyccivilrightshistory.org/images/lateef-mcleod_hu_2907c623502b068c.jpg,200,OK,https://nyccivilrightshistory.org/gallery/page/8/,[]
https://nyccivilrightshistory.org/images/thomas-samuels-interview_hu_27fba6fc759058ee.jpg,200,OK,https://nyccivilrightshistory.org/gallery/page/8/,[]
https://nyccivilrightshistory.org/images/dayniah-manderson_hu_2389d4e39fbd1a60.jpg,200,OK,https://nyccivilrightshistory.org/gallery/page/8/,[]
https://nyccivilrightshistory.org/images/willie-mae-goodman_hu_7432f938c034b560.jpg,200,OK,https://nyccivilrightshistory.org/gallery/page/8/,[]
https://nyccivilrightshistory.org/project-history/%E2%80%8B%E2%80%8Bhttps://www.learningforjustice.org/frameworks/teaching-hard-history/american-slavery,404,BROKEN,https://nyccivilrightshistory.org/project-history,
https://dp.la/primary-source-sets,403,BROKEN,https://nyccivilrightshistory.org/project-history,
https://nyccivilrightshistory.org/images/mark-twain-school-performance-dashboard_hu_edd4b53f01e5e5af.jpg,200,OK,https://nyccivilrightshistory.org/gallery/page/8/,[]
https://nyccivilrightshistory.org/gallery/page/7/,200,OK,https://nyccivilrightshistory.org/gallery/page/8/,[]
https://nyccivilrightshistory.org/gallery/page/6/,200,OK,https://nyccivilrightshistory.org/gallery/page/8/,[]
https://nyccivilrightshistory.org/images/binet-simon.jpg,200,OK,https://nyccivilrightshistory.org/gallery/binet-simon/,[]
https://nyccivilrightshistory.org/plain-text/binet-simon,200,OK,https://nyccivilrightshistory.org/gallery/binet-simon/,[]
https://nyccivilrightshistory.org/images/army-test.jpg,200,OK,https://nyccivilrightshistory.org/gallery/army-test/,[]
https://nyccivilrightshistory.org/plain-text/army-test,200,OK,https://nyccivilrightshistory.org/gallery/army-test/,[]
https://nyccivilrightshistory.org/images/army-test.pdf,200,OK,https://nyccivilrightshistory.org/gallery/army-test/,[]
https://openlibrary.org/books/OL7054323M/A_study_of_American_intelligence,200,OK,https://nyccivilrightshistory.org/gallery/army-test/,[]
https://nyccivilrightshistory.org/gallery/army-test,200,OK,https://nyccivilrightshistory.org/gallery/army-test/,[]
https://nyccivilrightshistory.org/images/brownies-1.jpg,200,OK,https://nyccivilrightshistory.org/gallery/brownies-1/,[]
https://nyccivilrightshistory.org/plain-text/brownies-1,200,OK,https://nyccivilrightshistory.org/gallery/brownies-1/,[]
https://nyccivilrightshistory.org/images/brownies-1.pdf,200,OK,https://nyccivilrightshistory.org/gallery/brownies-1/,[]
https://nyccivilrightshistory.org/images/kadiatou-tubman-video-sm.jpg,200,OK,https://nyccivilrightshistory.org/gallery/brownies-1/,[]
https://nyccivilrightshistory.org/topics/joyful-struggle/brownies-book,200,OK,https://nyccivilrightshistory.org/gallery/brownies-1/,[]
https://nyccivilrightshistory.org/gallery/brownies1,404,BROKEN,https://nyccivilrightshistory.org/gallery/brownies-1/,
https://understandingrace.org/history/science/race-and-intelligence-1900-1930/,200,OK,https://nyccivilrightshistory.org/gallery/binet-simon/,[]
https://nyccivilrightshistory.org/images/survey-of-cripples.jpg,200,OK,https://nyccivilrightshistory.org/gallery/survey-of-cripples/,[]
https://nyccivilrightshistory.org/images/survey-of-cripples.pdf,200,OK,https://nyccivilrightshistory.org/gallery/survey-of-cripples/,[]
https://nyccivilrightshistory.org/plain-text/survey-of-cripples,200,OK,https://nyccivilrightshistory.org/gallery/survey-of-cripples/,[]
https://nyccivilrightshistory.org/topics/seeking-equity-for-disabled-students/physical-access,200,OK,https://nyccivilrightshistory.org/gallery/survey-of-cripples/,[]
https://understandingrace.org/history/science/eugenics-and-physical-anthropology-1890-1930/,200,OK,https://nyccivilrightshistory.org/gallery/army-test/,[]
https://www.google.com/books/edition/Survey_of_cripples_in_New_York_City/c9OLDlVReZgC,200,OK,https://nyccivilrightshistory.org/gallery/survey-of-cripples/,[]
https://nyccivilrightshistory.org/gallery/brownies2,404,BROKEN,https://nyccivilrightshistory.org/gallery/brownies-2/,
https://nyccivilrightshistory.org/images/brownies-2.jpg,200,OK,https://nyccivilrightshistory.org/gallery/brownies-2/,[]
https://nyccivilrightshistory.org/gallery/survey-of-cripples,200,OK,https://nyccivilrightshistory.org/gallery/survey-of-cripples/,[]
https://www.theatlantic.com/culture/archive/2021/02/how-w-e-b-du-bois-changed-black-childhood-america/617952/,200,OK,https://nyccivilrightshistory.org/gallery/brownies-2/,[]
https://nyccivilrightshistory.org/images/brownies-3.jpg,200,OK,https://nyccivilrightshistory.org/gallery/brownies-3/,[]
https://nyccivilrightshistory.org/plain-text/brownies-3,200,OK,https://nyccivilrightshistory.org/gallery/brownies-3/,[]
https://nyccivilrightshistory.org/gallery/brownies3,404,BROKEN,https://nyccivilrightshistory.org/gallery/brownies-3/,
https://nyccivilrightshistory.org/images/race-intelligence.jpg,200,OK,https://nyccivilrightshistory.org/gallery/race-intelligence/,[]
https://understandingrace.org/history/science/eugenics-and-physical-anthropology-1890-1930,200,OK,https://nyccivilrightshistory.org/gallery/feeble-minded-in-ny/,[]
https://nyccivilrightshistory.org/plain-text/race-intelligence,200,OK,https://nyccivilrightshistory.org/gallery/race-intelligence/,[]
https://nyccivilrightshistory.org/images/chart-of-inmates.jpg,200,OK,https://nyccivilrightshistory.org/gallery/chart-of-inmates/,[]
https://nyccivilrightshistory.org/images/race-intelligence.pdf,200,OK,https://nyccivilrightshistory.org/gallery/race-intelligence/,[]
https://nyccivilrightshistory.org/images/two-public-school-teachers.jpg,200,OK,https://nyccivilrightshistory.org/gallery/two-public-school-teachers/,[]
https://nyccivilrightshistory.org/gallery/race-intelligence,200,OK,https://nyccivilrightshistory.org/gallery/race-intelligence/,[]
https://nyccivilrightshistory.org/gallery/chart-of-inmates,200,OK,https://nyccivilrightshistory.org/gallery/chart-of-inmates/,[]
https://nyccivilrightshistory.org/gallery/two-public-school-teachers,200,OK,https://nyccivilrightshistory.org/gallery/two-public-school-teachers/,[]
https://lithub.com/alain-lockes-controversial-vision-of-a-negro-renaissance/,200,OK,https://nyccivilrightshistory.org/gallery/two-public-school-teachers/,[]
https://nyccivilrightshistory.org/images/brotherhood-of-sleeping-car-porters.jpg,200,OK,https://nyccivilrightshistory.org/gallery/brotherhood-of-sleeping-car-porters/,[]
https://play.google.com/store/books/details?id=wP4qAAAAYAAJ&rdid=book-wP4qAAAAYAAJ&rdot=1,200,OK,https://nyccivilrightshistory.org/gallery/chart-of-inmates/,[]
https://umedia.lib.umn.edu/item/p16022coll336:2133,403,BROKEN,https://nyccivilrightshistory.org/gallery/two-public-school-teachers/,
https://nyccivilrightshistory.org/plain-text/brotherhood-of-sleeping-car-porters,200,OK,https://nyccivilrightshistory.org/gallery/brotherhood-of-sleeping-car-porters/,[]
https://nyccivilrightshistory.org/images/brotherhood-of-sleeping-car-porters.pdf,200,OK,https://nyccivilrightshistory.org/gallery/brotherhood-of-sleeping-car-porters/,[]
https://nyccivilrightshistory.org/topics/boycotting-ny-schools/organizing-direct-action,200,OK,https://nyccivilrightshistory.org/gallery/brotherhood-of-sleeping-car-porters/,[]
https://nyccivilrightshistory.org/topics/boycotting-ny-schools,200,OK,https://nyccivilrightshistory.org/gallery/brotherhood-of-sleeping-car-porters/,[]
https://nyccivilrightshistory.org/gallery/brotherhood-of-sleeping-car-porters,200,OK,https://nyccivilrightshistory.org/gallery/brotherhood-of-sleeping-car-porters/,[]
https://nyccivilrightshistory.org/images/nationality-of-pupils.jpg,200,OK,https://nyccivilrightshistory.org/gallery/nationality-of-pupils/,[]
https://nyccivilrightshistory.org/plain-text/nationality-of-pupils,200,OK,https://nyccivilrightshistory.org/gallery/nationality-of-pupils/,[]
https://www.winoldreiss.org/works/artwork/portraits/C51.htm,200,OK,https://nyccivilrightshistory.org/gallery/two-public-school-teachers/,[]
https://nmaahc.si.edu/learn/talking-about-race/topics/historical-foundations-race,403,BROKEN,https://nyccivilrightshistory.org/gallery/nationality-of-pupils/,
https://nyccivilrightshistory.org/images/wadleigh-zoning-map.jpg,200,OK,https://nyccivilrightshistory.org/gallery/wadleigh-zoning-map/,[]
https://nyccivilrightshistory.org/gallery/nationality-of-pupils,200,OK,https://nyccivilrightshistory.org/gallery/nationality-of-pupils/,[]
https://nyccivilrightshistory.org/gallery/wadleigh-zoning-map/www.socialexplorer.com,404,BROKEN,https://nyccivilrightshistory.org/gallery/wadleigh-zoning-map/,
https://nyccivilrightshistory.org/categories/teacher-activism/,200,OK,https://nyccivilrightshistory.org/gallery/wadleigh-zoning-map/,[]
https://nyccivilrightshistory.org/images/harlem-riot-report.jpg,200,OK,https://nyccivilrightshistory.org/gallery/harlem-riot-report/,[]
https://nyccivilrightshistory.org/gallery/wadleigh-zoning-map,200,OK,https://nyccivilrightshistory.org/gallery/wadleigh-zoning-map/,[]
https://nyccivilrightshistory.org/plain-text/harlem-riot-report,200,OK,https://nyccivilrightshistory.org/gallery/harlem-riot-report/,[]
https://nyccivilrightshistory.org/images/harlem-riot-report.pdf,200,OK,https://nyccivilrightshistory.org/gallery/harlem-riot-report/,[]
https://harlemconditions.cityofnewyork.us/elementor-830/,200,OK,https://nyccivilrightshistory.org/gallery/harlem-riot-report/,[]
https://nyccivilrightshistory.org/gallery/harlem-riot-report,200,OK,https://nyccivilrightshistory.org/gallery/harlem-riot-report/,[]
https://nyccivilrightshistory.org/images/hotel-penn-meeting.jpg,200,OK,https://nyccivilrightshistory.org/gallery/hotel-penn-meeting/,[]
https://www.socialexplorer.com/,200,OK,https://nyccivilrightshistory.org/gallery/wadleigh-zoning-map/,[]
https://nyccivilrightshistory.org/plain-text/hotel-penn-meeting,200,OK,https://nyccivilrightshistory.org/gallery/hotel-penn-meeting/,[]
https://nyccivilrightshistory.org/gallery/hotel-penn-meeting,200,OK,https://nyccivilrightshistory.org/gallery/hotel-penn-meeting/,[]
https://nyccivilrightshistory.org/images/holc-map.jpg,200,OK,https://nyccivilrightshistory.org/gallery/holc-map/,[]
https://nyccivilrightshistory.org/plain-text/holc-map,404,BROKEN,https://nyccivilrightshistory.org/gallery/holc-map/,
https://nyccivilrightshistory.org/images/holc-map.pdf,200,OK,https://nyccivilrightshistory.org/gallery/holc-map/,[]
https://www.theatlantic.com/magazine/archive/2014/06/the-case-for-reparations/361631/,200,OK,https://nyccivilrightshistory.org/gallery/holc-map/,[]
https://dsl.richmond.edu/panorama/redlining/,200,OK,https://nyccivilrightshistory.org/gallery/holc-map/,[]
https://www.segregatedbydesign.com/,200,OK,https://nyccivilrightshistory.org/gallery/holc-map/,[]
https://dsl.richmond.edu/panorama/redlining/howandwhy,200,OK,https://nyccivilrightshistory.org/gallery/holc-map/,[]
https://archive.org/details/nby_126266-4,200,OK,https://nyccivilrightshistory.org/gallery/brotherhood-of-sleeping-car-porters/,[]
https://nyccivilrightshistory.org/topics/how-did-nyc-segregate/housing-policies-patterns,200,OK,https://nyccivilrightshistory.org/gallery/holc-map/,[]
https://nyccivilrightshistory.org/gallery/holc-map,200,OK,https://nyccivilrightshistory.org/gallery/holc-map/,[]
https://nyccivilrightshistory.org/images/underwriting-manual.jpg,200,OK,https://nyccivilrightshistory.org/gallery/underwriting-manual/,[]
https://www.propublica.org/article/living-apart-how-the-government-betrayed-a-landmark-civil-rights-law,200,OK,https://nyccivilrightshistory.org/gallery/holc-map/,[]
https://nyccivilrightshistory.org/plain-text/underwriting-manual,404,BROKEN,https://nyccivilrightshistory.org/gallery/underwriting-manual/,
https://nyccivilrightshistory.org/images/underwriting-manual.pdf,200,OK,https://nyccivilrightshistory.org/gallery/underwriting-manual/,[]
https://nyccivilrightshistory.org/images/school-housing-program.jpg,200,OK,https://nyccivilrightshistory.org/gallery/school-housing-program/,[]
https://nyccivilrightshistory.org/gallery/underwriting-manual,200,OK,https://nyccivilrightshistory.org/gallery/underwriting-manual/,[]
https://nyccivilrightshistory.org/categories/student-activism/,200,OK,https://nyccivilrightshistory.org/gallery/school-housing-program/,[]
https://nyccivilrightshistory.org/plain-text/school-housing-program,200,OK,https://nyccivilrightshistory.org/gallery/school-housing-program/,[]
https://nyccivilrightshistory.org/topics/joyful-struggle/ben-franklin-hs,200,OK,https://nyccivilrightshistory.org/gallery/school-housing-program/,[]
https://nyccivilrightshistory.org/images/children-campaign.jpg,200,OK,https://nyccivilrightshistory.org/gallery/children-campaign/,[]
https://nyccivilrightshistory.org/gallery/school-housing-program,200,OK,https://nyccivilrightshistory.org/gallery/school-housing-program/,[]
https://nyccivilrightshistory.org/images/club-borinquen.jpg,200,OK,https://nyccivilrightshistory.org/gallery/club-borinquen/,[]
https://nyccivilrightshistory.org/gallery/children-campaign,200,OK,https://nyccivilrightshistory.org/gallery/children-campaign/,[]
https://www.wbur.org/onpoint/2022/10/24/how-black-americans-fought-world-war-ii-at-home-and-abroad,200,OK,https://nyccivilrightshistory.org/gallery/children-campaign/,[]
https://nyccivilrightshistory.org/images/jim-crow-school-kids.jpg,200,OK,https://nyccivilrightshistory.org/gallery/jim-crow-school-kids/,[]
https://ansleyerickson.github.io/book/chapters/04/,200,OK,https://nyccivilrightshistory.org/gallery/club-borinquen/,[]
https://nyccivilrightshistory.org/gallery/club-borinquen,200,OK,https://nyccivilrightshistory.org/gallery/club-borinquen/,[]
https://nyccivilrightshistory.org/images/jim-crow-school-kids.pdf,200,OK,https://nyccivilrightshistory.org/gallery/jim-crow-school-kids/,[]
https://nyccivilrightshistory.org/topics/boycotting-ny-schools/1965-boycott/,200,OK,https://nyccivilrightshistory.org/gallery/jim-crow-school-kids/,[]
https://nyccivilrightshistory.org/plain-text/jim-crow-school-kids,200,OK,https://nyccivilrightshistory.org/gallery/jim-crow-school-kids/,[]
https://nyccivilrightshistory.org/topics/seeking-equity/tests-labels-and-segregation,404,BROKEN,https://nyccivilrightshistory.org/gallery/jim-crow-school-kids/,
https://nyccivilrightshistory.org/plain-text/naacp-youth-council,404,BROKEN,https://nyccivilrightshistory.org/gallery/naacp-youth-council/,
https://nyccivilrightshistory.org/images/naacp-youth-council.jpg,200,OK,https://nyccivilrightshistory.org/gallery/naacp-youth-council/,[]
https://nyccivilrightshistory.org/gallery/jim-crow-school-kids,200,OK,https://nyccivilrightshistory.org/gallery/jim-crow-school-kids/,[]
https://nyccivilrightshistory.org/categories/higher-education/,200,OK,https://nyccivilrightshistory.org/gallery/naacp-youth-council/,[]
https://nyccivilrightshistory.org/images/naacp-youth-council.pdf,200,OK,https://nyccivilrightshistory.org/gallery/naacp-youth-council/,[]
https://nyccivilrightshistory.org/topics/boycotting-ny-schools/youth-organizing,200,OK,https://nyccivilrightshistory.org/gallery/naacp-youth-council/,[]
https://nyccivilrightshistory.org/images/your-child-and-willowbrook.jpg,200,OK,https://nyccivilrightshistory.org/gallery/your-child-and-willowbrook/,[]
https://nyccivilrightshistory.org/gallery/naacp-youth-council,200,OK,https://nyccivilrightshistory.org/gallery/naacp-youth-council/,[]
https://nyccivilrightshistory.org/images/your-child-and-willowbrook.pdf,200,OK,https://nyccivilrightshistory.org/gallery/your-child-and-willowbrook/,[]
https://nyccivilrightshistory.org/plain-text/your-child-and-willowbrook,200,OK,https://nyccivilrightshistory.org/gallery/your-child-and-willowbrook/,[]
https://nyccivilrightshistory.org/categories/Staten-Island/,200,OK,https://nyccivilrightshistory.org/gallery/your-child-and-willowbrook/,[]
https://understandingrace.org/history/government/european-immigration-and-defining-whiteness-1910-1920/,200,OK,https://nyccivilrightshistory.org/gallery/nationality-of-pupils/,[]
https://nyccivilrightshistory.org/gallery/your-child-and-willowbrook,200,OK,https://nyccivilrightshistory.org/gallery/your-child-and-willowbrook/,[]
https://thearcny.pastperfectonline.com/library/0C9379CC-F986-45C2-A76B-581450804872,403,BROKEN,https://nyccivilrightshistory.org/gallery/your-child-and-willowbrook/,
https://nyccivilrightshistory.org/images/first-billboard.jpg,200,OK,https://nyccivilrightshistory.org/gallery/first-billboard/,[]
https://www.ahrcnyc.org/about/history/,403,BROKEN,https://nyccivilrightshistory.org/gallery/first-billboard/,
https://thearcny.pastperfectonline.com/photo/E11EC5CF-8939-4AF2-AA8B-451431910302,403,BROKEN,https://nyccivilrightshistory.org/gallery/first-billboard/,
https://nyccivilrightshistory.org/topics/seeking-equity-for-disabled-students/parents-movement-deinstitutionalization,200,OK,https://nyccivilrightshistory.org/gallery/first-billboard/,[]
https://nyccivilrightshistory.org/images/we-kept-our-child-at-home.jpg,200,OK,https://nyccivilrightshistory.org/gallery/we-kept-our-child-at-home/,[]
https://nyccivilrightshistory.org/gallery/first-billboard,200,OK,https://nyccivilrightshistory.org/gallery/first-billboard/,[]
https://www.ahrcnyc.org/news/70-years-later-a-classified-ad-still-changing-lives/,403,BROKEN,https://nyccivilrightshistory.org/gallery/first-billboard/,
https://nyccivilrightshistory.org/images/check-your-school-questionnaire.jpg,200,OK,https://nyccivilrightshistory.org/gallery/check-your-school-questionnaire/,[]
https://nyccivilrightshistory.org/gallery/we-kept-our-child-at-home,200,OK,https://nyccivilrightshistory.org/gallery/we-kept-our-child-at-home/,[]
https://nyccivilrightshistory.org/plain-text/check-your-school-questionnaire,404,BROKEN,https://nyccivilrightshistory.org/gallery/check-your-school-questionnaire/,
https://nyccivilrightshistory.org/gallery/check-your-school-questionnaire,200,OK,https://nyccivilrightshistory.org/gallery/check-your-school-questionnaire/,[]
https://nyccivilrightshistory.org/images/subcommittee-on-zoning.jpg,200,OK,https://nyccivilrightshistory.org/gallery/subcommittee-on-zoning/,[]
https://nyccivilrightshistory.org/plain-text/subcommittee-on-zoning,200,OK,https://nyccivilrightshistory.org/gallery/subcommittee-on-zoning/,[]
https://nyccivilrightshistory.org/images/subcommittee-on-zoning.pdf,200,OK,https://nyccivilrightshistory.org/gallery/subcommittee-on-zoning/,[]
https://archive.org/details/sim_coronet_1955-11_39_1_0/page/48/mode/1up,200,OK,https://nyccivilrightshistory.org/gallery/we-kept-our-child-at-home/,[]
https://nyccivilrightshistory.org/topics/boycotting-ny-schools/white-liberal-resistance,200,OK,https://nyccivilrightshistory.org/gallery/subcommittee-on-zoning/,[]
https://nyccivilrightshistory.org/gallery/subcommittee-on-zoning,200,OK,https://nyccivilrightshistory.org/gallery/subcommittee-on-zoning/,[]
https://civilrightsproject.ucla.edu/news/press-releases/2014-press-releases/new-york-schools-most-segregated-in-the-nation,200,OK,https://nyccivilrightshistory.org/gallery/subcommittee-on-zoning/,[]
https://nyccivilrightshistory.org/images/jansen-must-go.jpg,200,OK,https://nyccivilrightshistory.org/gallery/jansen-must-go/,[]
https://nyccivilrightshistory.org/plain-text/jansen-must-go,200,OK,https://nyccivilrightshistory.org/gallery/jansen-must-go/,[]
https://harlemeducationhistory.library.columbia.edu/book/chapters/06/,200,OK,https://nyccivilrightshistory.org/gallery/hotel-penn-meeting/,[]
https://nyccivilrightshistory.org/gallery/jansen-must-go,200,OK,https://nyccivilrightshistory.org/gallery/jansen-must-go/,[]
https://nyccivilrightshistory.org/images/real-camping-for-handicapped.jpg,200,OK,https://nyccivilrightshistory.org/gallery/real-camping-for-handicapped/,[]
https://nyccivilrightshistory.org/plain-text/real-camping-for-handicapped,200,OK,https://nyccivilrightshistory.org/gallery/real-camping-for-handicapped/,[]
https://nyccivilrightshistory.org/topics/joyful-struggle/camp-jened,200,OK,https://nyccivilrightshistory.org/gallery/real-camping-for-handicapped/,[]
https://nyccivilrightshistory.org/gallery/real-camping-for-handicapped,200,OK,https://nyccivilrightshistory.org/gallery/real-camping-for-handicapped/,[]
https://nyccivilrightshistory.org/images/scholarships-to-handicapped-adults.jpg,200,OK,https://nyccivilrightshistory.org/gallery/scholarships-to-handicapped-adults/,[]
https://nyccivilrightshistory.org/plain-text/scholarships-to-handicapped-adults,200,OK,https://nyccivilrightshistory.org/gallery/scholarships-to-handicapped-adults/,[]
https://nyccivilrightshistory.org/gallery/scholarships-to-handicapped-adults,200,OK,https://nyccivilrightshistory.org/gallery/scholarships-to-handicapped-adults/,[]
https://nyccivilrightshistory.org/images/memorandum-to-counselors.jpg,200,OK,https://nyccivilrightshistory.org/gallery/memorandum-to-counselors/,[]
https://archives.nypl.org/scm/20899,200,OK,https://nyccivilrightshistory.org/gallery/naacp-youth-council/,[]
https://nyccivilrightshistory.org/plain-text/memorandum-to-counselors,200,OK,https://nyccivilrightshistory.org/gallery/memorandum-to-counselors/,[]
https://nyccivilrightshistory.org/images/rather-go-to-jail.jpg,200,OK,https://nyccivilrightshistory.org/gallery/rather-go-to-jail/,[]
https://nyccivilrightshistory.org/images/rather-go-to-jail.pdf,200,OK,https://nyccivilrightshistory.org/gallery/rather-go-to-jail/,[]
https://nyccivilrightshistory.org/gallery/memorandum-to-counselors,200,OK,https://nyccivilrightshistory.org/gallery/memorandum-to-counselors/,[]
https://nyccivilrightshistory.org/plain-text/rather-go-to-jail,200,OK,https://nyccivilrightshistory.org/gallery/rather-go-to-jail/,[]
https://nyccivilrightshistory.org/topics/boycotting-ny-schools/1965-boycott/600-schools-yesterday-today-tomorrow/,200,OK,https://nyccivilrightshistory.org/gallery/rather-go-to-jail/,[]
https://nyccivilrightshistory.org/images/kaliris-salas-ramirez-video-sm.jpg,200,OK,https://nyccivilrightshistory.org/gallery/rather-go-to-jail/,[]
https://nyccivilrightshistory.org/topics/black-latina-women/harlem-nine/matter-of-skipwith,200,OK,https://nyccivilrightshistory.org/gallery/rather-go-to-jail/,[]
https://nyccivilrightshistory.org/gallery/rather-go-to-jail,200,OK,https://nyccivilrightshistory.org/gallery/rather-go-to-jail/,[]
https://nyccivilrightshistory.org/images/matter-of-skipwith.jpg,200,OK,https://nyccivilrightshistory.org/gallery/matter-of-skipwith/,[]
https://nyccivilrightshistory.org/images/matter-of-skipwith.pdf,200,OK,https://nyccivilrightshistory.org/gallery/matter-of-skipwith/,[]
https://www.aaihs.org/mae-mallory-forgotten-black-power-intellectual/,200,OK,https://nyccivilrightshistory.org/gallery/rather-go-to-jail/,[]
https://nmaahc.si.edu/blog-post/little-rock-nine,403,BROKEN,https://nyccivilrightshistory.org/gallery/rather-go-to-jail/,
https://nyccivilrightshistory.org/plain-text/matter-of-skipwith,200,OK,https://nyccivilrightshistory.org/gallery/matter-of-skipwith/,[]
https://nyccivilrightshistory.org/images/mae-mallory-and-daughter.jpg,200,OK,https://nyccivilrightshistory.org/gallery/mae-mallory-and-daughter/,[]
https://nyccivilrightshistory.org/gallery/matter-of-skipwith,200,OK,https://nyccivilrightshistory.org/gallery/matter-of-skipwith/,[]
https://nyccivilrightshistory.org/images/white-queens-mothers-protest-desegregation.jpg,200,OK,https://nyccivilrightshistory.org/gallery/white-queens-mothers-protest-desegregation/,[]
https://nyccivilrightshistory.org/gallery/mae-mallory-and-daughter,200,OK,https://nyccivilrightshistory.org/gallery/mae-mallory-and-daughter/,[]
https://vault.fbi.gov/mae-mallory,403,BROKEN,https://nyccivilrightshistory.org/gallery/mae-mallory-and-daughter/,
https://digital.library.cornell.edu/catalog/ss:8329928,403,BROKEN,https://nyccivilrightshistory.org/gallery/mae-mallory-and-daughter/,
https://nyccivilrightshistory.org/images/letter-to-president-kennedy.jpg,200,OK,https://nyccivilrightshistory.org/gallery/letter-to-president-kennedy/,[]
https://nyccivilrightshistory.org/gallery/white-queens-mothers-protest-desegregation,200,OK,https://nyccivilrightshistory.org/gallery/white-queens-mothers-protest-desegregation/,[]
https://nyccivilrightshistory.org/plain-text/letter-to-president-kennedy,200,OK,https://nyccivilrightshistory.org/gallery/letter-to-president-kennedy/,[]
https://nyccivilrightshistory.org/images/life-magazine-cover.jpg,200,OK,https://nyccivilrightshistory.org/gallery/life-magazine-cover/,[]
https://nyccivilrightshistory.org/plain-text/life-magazine-cover,404,BROKEN,https://nyccivilrightshistory.org/gallery/life-magazine-cover/,
https://nyccivilrightshistory.org/gallery/letter-to-president-kennedy,200,OK,https://nyccivilrightshistory.org/gallery/letter-to-president-kennedy/,[]
https://nyccivilrightshistory.org/images/shoe-shine-boys.jpg,200,OK,https://nyccivilrightshistory.org/gallery/shoe-shine-boys/,[]
https://www.jfklibrary.org/asset-viewer/archives/JFKWHCSF/0365/JFKWHCSF-0365-007?image_identifier=JFKWHCSF-0365-007-p0007,403,BROKEN,https://nyccivilrightshistory.org/gallery/letter-to-president-kennedy/,
https://nyccivilrightshistory.org/gallery/life-magazine-cover,200,OK,https://nyccivilrightshistory.org/gallery/life-magazine-cover/,[]
http://whybusingfailed.com/anvc/why-busing-failed/media/Figure%204%20-%20Busing%20Creates%20Fussing%20-%20web.jpg,200,OK,https://nyccivilrightshistory.org/gallery/white-queens-mothers-protest-desegregation/,[]
https://nyccivilrightshistory.org/images/shoe-shine-boys.pdf,200,OK,https://nyccivilrightshistory.org/gallery/shoe-shine-boys/,[]
https://nyccivilrightshistory.org/categories/special-education/,200,OK,https://nyccivilrightshistory.org/gallery/shoe-shine-boys/,[]
https://nyccivilrightshistory.org/topics/black-latina-women/harlem-nine/,200,OK,https://nyccivilrightshistory.org/gallery/shoe-shine-boys/,[]
https://nyccivilrightshistory.org/plain-text/shoe-shine-boys,200,OK,https://nyccivilrightshistory.org/gallery/shoe-shine-boys/,[]
https://nyccivilrightshistory.org/categories/Brooklyn/,200,OK,https://nyccivilrightshistory.org/gallery/shoe-shine-boys/,[]
https://nyccivilrightshistory.org/topics/boycotting-ny-schools/1965-boycott,200,OK,https://nyccivilrightshistory.org/gallery/shoe-shine-boys/,[]
https://nyccivilrightshistory.org/gallery/shoe-shine-boys,200,OK,https://nyccivilrightshistory.org/gallery/shoe-shine-boys/,[]
https://nyccivilrightshistory.org/images/a-boycott-solves-nothing.jpg,200,OK,https://nyccivilrightshistory.org/gallery/a-boycott-solves-nothing/,[]
https://nyccivilrightshistory.org/images/brian-jones-video-sm.jpg,200,OK,https://nyccivilrightshistory.org/gallery/a-boycott-solves-nothing/,[]
https://nyccivilrightshistory.org/plain-text/a-boycott-solves-nothing,200,OK,https://nyccivilrightshistory.org/gallery/a-boycott-solves-nothing/,[]
https://nyccivilrightshistory.org/gallery/a-boycott-solves-nothing,200,OK,https://nyccivilrightshistory.org/gallery/a-boycott-solves-nothing/,[]
https://nyccivilrightshistory.org/topics/boycotting-ny-schools/1964-boycotts/jhs-103-ps-194-city-hall/,200,OK,https://nyccivilrightshistory.org/gallery/a-boycott-solves-nothing/,[]
https://nyccivilrightshistory.org/topics/boycotting-ny-schools/1964-boycotts/will-and-way-of-boycotters/,200,OK,https://nyccivilrightshistory.org/gallery/a-boycott-solves-nothing/,[]
https://nyccivilrightshistory.org/topics/boycotting-ny-schools/responding-to-the-boycott/what-a-fizzle/,200,OK,https://nyccivilrightshistory.org/gallery/a-boycott-solves-nothing/,[]
https://nyccivilrightshistory.org/images/why-the-school-boycott.jpg,200,OK,https://nyccivilrightshistory.org/gallery/why-the-school-boycott/,[]
https://nyccivilrightshistory.org/plain-text/why-the-school-boycott,200,OK,https://nyccivilrightshistory.org/gallery/why-the-school-boycott/,[]
https://www.nytimes.com/1964/02/04/archives/the-school-boycott.html,403,BROKEN,https://nyccivilrightshistory.org/gallery/a-boycott-solves-nothing/,
https://nyccivilrightshistory.org/topics/boycotting-ny-schools/1964-boycotts,200,OK,https://nyccivilrightshistory.org/gallery/why-the-school-boycott/,[]
https://nyccivilrightshistory.org/gallery/why-the-school-boycott,200,OK,https://nyccivilrightshistory.org/gallery/why-the-school-boycott/,[]
https://nyccivilrightshistory.org/images/school-boycott.jpg,200,OK,https://nyccivilrightshistory.org/gallery/school-boycott/,[]
https://nyccivilrightshistory.org/plain-text/school-boycott,200,OK,https://nyccivilrightshistory.org/gallery/school-boycott/,[]
https://nyccivilrightshistory.org/gallery/school-boycott,200,OK,https://nyccivilrightshistory.org/gallery/school-boycott/,[]
https://nyccivilrightshistory.org/images/freedom-school-lesson-plan.jpg,200,OK,https://nyccivilrightshistory.org/gallery/freedom-school-lesson-plan/,[]
https://www.proquest.com/hnpnewamsterdamnews/docview/226560780/abstract/A16D6D948D4F4F56PQ/1?accountid=35635,200,OK,https://nyccivilrightshistory.org/gallery/shoe-shine-boys/,[]
https://nyccivilrightshistory.org/gallery/freedom-school-lesson-plan,200,OK,https://nyccivilrightshistory.org/gallery/freedom-school-lesson-plan/,[]
https://nyccivilrightshistory.org/plain-text/freedom-school-lesson-plan,200,OK,https://nyccivilrightshistory.org/gallery/freedom-school-lesson-plan/,[]
https://nyccivilrightshistory.org/images/malcolm-x-in-support-of-boycott.jpg,200,OK,https://nyccivilrightshistory.org/gallery/malcolm-x-in-support-of-boycott/,[]
https://nyccivilrightshistory.org/topics/boycotting-ny-schools/responding-to-the-boycott,200,OK,https://nyccivilrightshistory.org/gallery/malcolm-x-in-support-of-boycott/,[]
https://www.youtube.com/embed/nvQ7X0gb30Q,200,OK,https://nyccivilrightshistory.org/gallery/malcolm-x-in-support-of-boycott/,[]
https://nyccivilrightshistory.org/gallery/malcolm-x-in-support-of-boycott,200,OK,https://nyccivilrightshistory.org/gallery/malcolm-x-in-support-of-boycott/,[]
https://nyccivilrightshistory.org/images/freedom-day-march.jpg,200,OK,https://nyccivilrightshistory.org/gallery/freedom-day-march/,[]
https://library.qc.cuny.edu/archives/,200,OK,https://nyccivilrightshistory.org/gallery/why-the-school-boycott/,[]
https://www.youtube.com/embed/-JtthLa0Fyw,200,OK,https://nyccivilrightshistory.org/gallery/freedom-day-march/,[]
https://nyccivilrightshistory.org/gallery/freedom-day-march,200,OK,https://nyccivilrightshistory.org/gallery/freedom-day-march/,[]
https://nyccivilrightshistory.org/images/jhs-103-ps-194-city-hall.jpg,200,OK,https://nyccivilrightshistory.org/gallery/jhs-103-ps-194-city-hall/,[]
https://nyccivilrightshistory.org/plain-text/jhs-103-ps-194-city-hall,200,OK,https://nyccivilrightshistory.org/gallery/jhs-103-ps-194-city-hall/,[]
https://nyccivilrightshistory.org/images/jhs-103-ps-194-city-hall.pdf,200,OK,https://nyccivilrightshistory.org/gallery/jhs-103-ps-194-city-hall/,[]
https://www.nypl.org/research/research-catalog/bib/b21451436,200,OK,https://nyccivilrightshistory.org/gallery/jhs-103-ps-194-city-hall/,[]
https://nyccivilrightshistory.org/gallery/jhs-103-ps-194-city-hall,200,OK,https://nyccivilrightshistory.org/gallery/jhs-103-ps-194-city-hall/,[]
https://nyccivilrightshistory.org/images/will-and-way-of-boycotters.jpg,200,OK,https://nyccivilrightshistory.org/gallery/will-and-way-of-boycotters/,[]
https://nycrecords.access.preservica.com/uncategorized/IO_73e35be9-ed51-48ae-b740-798476fd1c40/,200,OK,https://nyccivilrightshistory.org/gallery/freedom-day-march/,[]
https://nycrecords.access.preservica.com/uncategorized/SO_d38f95d3-7081-4cca-bb9b-8813a04c351f/,200,OK,https://nyccivilrightshistory.org/gallery/freedom-day-march/,[]
https://nyccivilrightshistory.org/plain-text/will-and-way-of-boycotters,200,OK,https://nyccivilrightshistory.org/gallery/will-and-way-of-boycotters/,[]
https://nyccivilrightshistory.org/images/will-and-way-of-boycotters.pdf,200,OK,https://nyccivilrightshistory.org/gallery/will-and-way-of-boycotters/,[]
https://nyccivilrightshistory.org/images/what-a-fizzle.jpg,200,OK,https://nyccivilrightshistory.org/gallery/what-a-fizzle/,[]
https://nyccivilrightshistory.org/gallery/will-and-way-of-boycotters,200,OK,https://nyccivilrightshistory.org/gallery/will-and-way-of-boycotters/,[]
https://nyccivilrightshistory.org/images/change-the-status-crow.jpg,200,OK,https://nyccivilrightshistory.org/gallery/change-the-status-crow/,[]
https://nyccivilrightshistory.org/gallery/what-a-fizzle,200,OK,https://nyccivilrightshistory.org/gallery/what-a-fizzle/,[]
https://nyccivilrightshistory.org/plain-text/what-a-fizzle,200,OK,https://nyccivilrightshistory.org/gallery/what-a-fizzle/,[]
https://nyccivilrightshistory.org/gallery/images/change-the-status-crow-original.jpg,404,BROKEN,https://nyccivilrightshistory.org/gallery/change-the-status-crow/,
https://nyccivilrightshistory.org/images/puerto-rican-civil-rights-march.jpg,200,OK,https://nyccivilrightshistory.org/gallery/puerto-rican-civil-rights-march/,[]
https://nyccivilrightshistory.org/gallery/change-the-status-crow,200,OK,https://nyccivilrightshistory.org/gallery/change-the-status-crow/,[]
https://nyccivilrightshistory.org/gallery/puerto-rican-civil-rights-march,200,OK,https://nyccivilrightshistory.org/gallery/puerto-rican-civil-rights-march/,[]
https://www.youtube.com/embed/R858m2txeEk,200,OK,https://nyccivilrightshistory.org/gallery/puerto-rican-civil-rights-march/,[]
https://nyccivilrightshistory.org/images/dr-king-on-school-boycott-concept.jpg,200,OK,https://nyccivilrightshistory.org/gallery/dr-king-on-school-boycott-concept/,[]
https://nyccivilrightshistory.org/plain-text/dr-king-on-school-boycott-concept,200,OK,https://nyccivilrightshistory.org/gallery/dr-king-on-school-boycott-concept/,[]
https://nyccivilrightshistory.org/gallery/dr-king-on-school-boycott-concept,200,OK,https://nyccivilrightshistory.org/gallery/dr-king-on-school-boycott-concept/,[]
https://nyccivilrightshistory.org/images/parents-and-taxpayers-march.jpg,200,OK,https://nyccivilrightshistory.org/gallery/parents-and-taxpayers-march/,[]
https://www.youtube.com/embed/efM5Ozc6L9g,200,OK,https://nyccivilrightshistory.org/gallery/parents-and-taxpayers-march/,[]
https://whybusingfailed.com/,0,BROKEN,https://nyccivilrightshistory.org/gallery/parents-and-taxpayers-march/,
https://www.youtube.com/watch?v=nvQ7X0gb30Q,200,OK,https://nyccivilrightshistory.org/gallery/malcolm-x-in-support-of-boycott/,[]
https://nycrecords.access.preservica.com/uncategorized/IO_2079a553-a707-4edb-9b31-d480b7b8d0b4/,200,OK,https://nyccivilrightshistory.org/gallery/puerto-rican-civil-rights-march/,[]
https://nyccivilrightshistory.org/gallery/parents-and-taxpayers-march,200,OK,https://nyccivilrightshistory.org/gallery/parents-and-taxpayers-march/,[]
https://nyccivilrightshistory.org/images/audio-recording.jpg,200,OK,https://nyccivilrightshistory.org/gallery/milton-galamison/,[]
https://nyccivilrightshistory.org/plain-text/milton-galamison,200,OK,https://nyccivilrightshistory.org/gallery/milton-galamison/,[]
https://www.youtube.com/embed/001xHCFswhg,200,OK,https://nyccivilrightshistory.org/gallery/milton-galamison/,[]
https://nycrecords.access.preservica.com/uncategorized/IO_f4f3f0f4-729f-4018-86e5-972e284e42f6/,200,OK,https://nyccivilrightshistory.org/gallery/parents-and-taxpayers-march/,[]
https://nycrecords.access.preservica.com/?s=NYPD+Surveillance+Films,200,OK,https://nyccivilrightshistory.org/gallery/parents-and-taxpayers-march/,[]
https://nyccivilrightshistory.org/gallery/milton-galamison,200,OK,https://nyccivilrightshistory.org/gallery/milton-galamison/,[]
https://kentuckyoralhistory.org/ark:/16417/xt722804xt2k,200,OK,https://nyccivilrightshistory.org/gallery/milton-galamison/,[]
https://nyccivilrightshistory.org/images/title-iv-civil-rights-act.jpg,200,OK,https://nyccivilrightshistory.org/gallery/title-iv-civil-rights-act/,[]
https://whybusingfailed.com/,0,BROKEN,https://nyccivilrightshistory.org/gallery/title-iv-civil-rights-act/,
https://nyccivilrightshistory.org/gallery/title-iv-civil-rights-act,200,OK,https://nyccivilrightshistory.org/gallery/title-iv-civil-rights-act/,[]
https://nyccivilrightshistory.org/plain-text/title-iv-civil-rights-act,200,OK,https://nyccivilrightshistory.org/gallery/title-iv-civil-rights-act/,[]
https://nyccivilrightshistory.org/images/parents-and-taxpayers-protest.jpg,200,OK,https://nyccivilrightshistory.org/gallery/parents-and-taxpayers-protest/,[]
https://whybusingfailed.com/,0,BROKEN,https://nyccivilrightshistory.org/gallery/parents-and-taxpayers-protest/,
https://www.youtube.com/embed/XNJO0cB-vqU,200,OK,https://nyccivilrightshistory.org/gallery/parents-and-taxpayers-protest/,[]
https://nyccivilrightshistory.org/gallery/parents-and-taxpayers-protest,200,OK,https://nyccivilrightshistory.org/gallery/parents-and-taxpayers-protest/,[]
https://nyccivilrightshistory.org/teaching-collections/boycotting-ny-schools/1965-boycott,404,BROKEN,https://nyccivilrightshistory.org/gallery/parents-and-taxpayers-protest/,
https://nyccivilrightshistory.org/images/boycott-hits-problem-school.jpg,200,OK,https://nyccivilrightshistory.org/gallery/boycott-hits-problem-school/,[]
https://nyccivilrightshistory.org/plain-text/boycott-hits-problem-school,200,OK,https://nyccivilrightshistory.org/gallery/boycott-hits-problem-school/,[]
https://nycrecords.access.preservica.com/uncategorized/IO_90672f9a-535a-42a4-a205-79efbef24044/,200,OK,https://nyccivilrightshistory.org/gallery/parents-and-taxpayers-protest/,[]
https://nyccivilrightshistory.org/gallery/boycott-hits-problem-school,200,OK,https://nyccivilrightshistory.org/gallery/boycott-hits-problem-school/,[]
https://nyccivilrightshistory.org/images/moynihan-on-the-negro-family.jpg,200,OK,https://nyccivilrightshistory.org/gallery/moynihan-on-the-negro-family/,[]
https://timesmachine.nytimes.com/timesmachine/1965/01/20/97182442.html?pageNumber=27,200,OK,https://nyccivilrightshistory.org/gallery/boycott-hits-problem-school/,[]
https://nyccivilrightshistory.org/topics/how-did-nyc-segregate/racist-ableist-ideas,200,OK,https://nyccivilrightshistory.org/gallery/moynihan-on-the-negro-family/,[]
https://podcasts.apple.com/podcast/id1220455698?ign-itscg=30200&ign-itsct=lt_p,200,OK,https://nyccivilrightshistory.org/gallery/milton-galamison/,[]
https://nyccivilrightshistory.org/gallery/the-negro-family,404,BROKEN,https://nyccivilrightshistory.org/gallery/moynihan-on-the-negro-family/,
https://nyccivilrightshistory.org/topics/how-did-nyc-segregate/racist-ideas-public-discourse/mark-twain-on-51st-state-2,404,BROKEN,https://nyccivilrightshistory.org/gallery/moynihan-on-the-negro-family/,
https://nyccivilrightshistory.org/images/the-1965-boycott.jpg,200,OK,https://nyccivilrightshistory.org/gallery/the-1965-boycott/,[]
https://www.dol.gov/general/aboutdol/history/webid-moynihan,200,OK,https://nyccivilrightshistory.org/gallery/moynihan-on-the-negro-family/,[]
https://www.youtube.com/embed/PkCVz5aeXbM,200,OK,https://nyccivilrightshistory.org/gallery/the-1965-boycott/,[]
https://nyccivilrightshistory.org/gallery/the-1965-boycott,200,OK,https://nyccivilrightshistory.org/gallery/the-1965-boycott/,[]
https://nyccivilrightshistory.org/images/the-controversial-moynihan-report.jpg,200,OK,https://nyccivilrightshistory.org/gallery/the-controversial-moynihan-report/,[]
https://nyccivilrightshistory.org/plain-text/the-controversial-moynihan-report,404,BROKEN,https://nyccivilrightshistory.org/gallery/the-controversial-moynihan-report/,
https://nyccivilrightshistory.org/gallery/the-controversial-moynihan-report/gallery/moynihan-on-the-negro-family/,404,BROKEN,https://nyccivilrightshistory.org/gallery/the-controversial-moynihan-report/,
https://nyccivilrightshistory.org/gallery/the-controversial-moynihan-report,200,OK,https://nyccivilrightshistory.org/gallery/the-controversial-moynihan-report/,[]
https://nyccivilrightshistory.org/images/real-message-of-the-moynihan-report.jpg,200,OK,https://nyccivilrightshistory.org/gallery/real-message-of-the-moynihan-report/,[]
https://nyccivilrightshistory.org/plain-text/real-message-of-the-moynihan-report,404,BROKEN,https://nyccivilrightshistory.org/gallery/real-message-of-the-moynihan-report/,
https://nycrecords.access.preservica.com/uncategorized/IO_60ead4ba-497a-415b-8d32-67a200ffb313/,200,OK,https://nyccivilrightshistory.org/gallery/the-1965-boycott/,[]
https://nyccivilrightshistory.org/topics/who-governs-schools/community-control/proposal-independent-boe-harlem/,200,OK,https://nyccivilrightshistory.org/gallery/real-message-of-the-moynihan-report/,[]
https://nyccivilrightshistory.org/images/black-panthers-2.jpg,200,OK,https://nyccivilrightshistory.org/gallery/black-panthers-2/,[]
https://nyccivilrightshistory.org/gallery/real-message-of-the-moynihan-report,200,OK,https://nyccivilrightshistory.org/gallery/real-message-of-the-moynihan-report/,[]
https://nyccivilrightshistory.org/plain-text/black-panthers-2,200,OK,https://nyccivilrightshistory.org/gallery/black-panthers-2/,[]
https://nyccivilrightshistory.org/topics/boycotting-ny-schools/black-panthers,200,OK,https://nyccivilrightshistory.org/gallery/black-panthers-2/,[]
https://nyccivilrightshistory.org/gallery/black-panthers-2,200,OK,https://nyccivilrightshistory.org/gallery/black-panthers-2/,[]
https://nyccivilrightshistory.org/images/600-schools-yesterday-today-tomorrow.jpg,200,OK,https://nyccivilrightshistory.org/gallery/600-schools-yesterday-today-tomorrow/,[]
http://whybusingfailed.com/,200,OK,https://nyccivilrightshistory.org/gallery/white-queens-mothers-protest-desegregation/,[]
https://nyccivilrightshistory.org/plain-text/600-schools-yesterday-today-tomorrow,200,OK,https://nyccivilrightshistory.org/gallery/600-schools-yesterday-today-tomorrow/,[]
https://nyccivilrightshistory.org/images/600-schools-yesterday-today-tomorrow.pdf,200,OK,https://nyccivilrightshistory.org/gallery/600-schools-yesterday-today-tomorrow/,[]
https://nyccivilrightshistory.org/gallery/600-schools-yesterday-today-tomorrow,200,OK,https://nyccivilrightshistory.org/gallery/600-schools-yesterday-today-tomorrow/,[]
https://nyccivilrightshistory.org/gallery/600-schools-yesterday-today-tomorrow/topics/boycotting-ny-schools/1965-boycott,404,BROKEN,https://nyccivilrightshistory.org/gallery/600-schools-yesterday-today-tomorrow/,
https://nyccivilrightshistory.org/images/black-panthers-1.jpg,200,OK,https://nyccivilrightshistory.org/gallery/black-panthers-1/,[]
https://nyccivilrightshistory.org/images/black-panthers-1.pdf,200,OK,https://nyccivilrightshistory.org/gallery/black-panthers-1/,[]
https://www.nypl.org/schomburgsyllabus/black-panther-party,200,OK,https://nyccivilrightshistory.org/gallery/black-panthers-1/,[]
https://nyccivilrightshistory.org/topics/boycotting-ny-schools/black-panthers/black-panthers-2,200,OK,https://nyccivilrightshistory.org/gallery/black-panthers-1/,[]
https://archives.nypl.org/scm/20948,200,OK,https://nyccivilrightshistory.org/gallery/black-panthers-2/,[]
https://nyccivilrightshistory.org/images/windowless-school-harlem.jpg,200,OK,https://nyccivilrightshistory.org/gallery/black-panthers-1/,[]
https://nyccivilrightshistory.org/gallery/black-panthers-1,200,OK,https://nyccivilrightshistory.org/gallery/black-panthers-1/,[]
https://nyccivilrightshistory.org/topics/boycotting-ny-schools/1964-boycotts/school-boycott/,200,OK,https://nyccivilrightshistory.org/gallery/black-panthers-1/,[]
https://nyccivilrightshistory.org/gallery/black-panthers-1/topics/boycotting-ny-schools/1965-boycott/boycott-hits-problem-school,404,BROKEN,https://nyccivilrightshistory.org/gallery/black-panthers-1/,
https://nyccivilrightshistory.org/images/baseball.jpg,200,OK,https://nyccivilrightshistory.org/gallery/baseball/,[]
https://nyccivilrightshistory.org/gallery/baseball,200,OK,https://nyccivilrightshistory.org/gallery/baseball/,[]
https://nyccivilrightshistory.org/images/proposal-independent-boe-harlem.jpg,200,OK,https://nyccivilrightshistory.org/gallery/proposal-independent-boe-harlem/,[]
https://nyccivilrightshistory.org/plain-text/proposal-independent-boe-harlem,404,BROKEN,https://nyccivilrightshistory.org/gallery/proposal-independent-boe-harlem/,
https://www.fordfoundation.org/news-and-stories/stories/posts/the-camp-that-ignited-a-movement/,200,OK,https://nyccivilrightshistory.org/gallery/baseball/,[]
https://whybusingfailed.com/,0,BROKEN,https://nyccivilrightshistory.org/gallery/proposal-independent-boe-harlem/,
https://nyccivilrightshistory.org/images/proposal-independent-boe-harlem.pdf,200,OK,https://nyccivilrightshistory.org/gallery/proposal-independent-boe-harlem/,[]
https://nyccivilrightshistory.org/topics/who-governs-schools/community-control,200,OK,https://nyccivilrightshistory.org/gallery/proposal-independent-boe-harlem/,[]
https://nyccivilrightshistory.org/gallery/proposal-independent-boe-harlem,200,OK,https://nyccivilrightshistory.org/gallery/proposal-independent-boe-harlem/,[]
https://vimeo.com/684374095/4a1cb48a99,200,OK,https://nyccivilrightshistory.org/gallery/black-panthers-1/,[]
https://nyccivilrightshistory.org/images/reflections-1967.jpg,200,OK,https://nyccivilrightshistory.org/gallery/reflections-1967/,[]
https://nyccivilrightshistory.org/images/reflections-1967.pdf,200,OK,https://nyccivilrightshistory.org/gallery/reflections-1967/,[]
https://nyccivilrightshistory.org/plain-text/reflections-1967,200,OK,https://nyccivilrightshistory.org/gallery/reflections-1967/,[]
https://nyccivilrightshistory.org/gallery/reflections-1967,200,OK,https://nyccivilrightshistory.org/gallery/reflections-1967/,[]
https://nyccivilrightshistory.org/images/teachers-demonstration.jpg,200,OK,https://nyccivilrightshistory.org/gallery/teachers-demonstration/,[]
https://nyccivilrightshistory.org/images/community-control-march.jpg,200,OK,https://nyccivilrightshistory.org/gallery/community-control-march/,[]
https://nyccivilrightshistory.org/gallery/teachers-demonstration,200,OK,https://nyccivilrightshistory.org/gallery/teachers-demonstration/,[]
https://www.youtube.com/embed/BBcK_klCV18,200,OK,https://nyccivilrightshistory.org/gallery/teachers-demonstration/,[]
https://nyccivilrightshistory.org/images/ocean-hill-brownsville-parents.jpg,200,OK,https://nyccivilrightshistory.org/gallery/ocean-hill-brownsville-parents/,[]
https://nyccivilrightshistory.org/gallery/community-control-march,200,OK,https://nyccivilrightshistory.org/gallery/community-control-march/,[]
https://nyccivilrightshistory.org/gallery/ocean-hill-brownsville-parents,200,OK,https://nyccivilrightshistory.org/gallery/ocean-hill-brownsville-parents/,[]
https://nyccivilrightshistory.org/images/bayard-rustin.jpg,200,OK,https://nyccivilrightshistory.org/gallery/bayard-rustin/,[]
https://nyccivilrightshistory.org/plain-text/bayard-rustin,200,OK,https://nyccivilrightshistory.org/gallery/bayard-rustin/,[]
https://nyccivilrightshistory.org/images/bayard-rustin.pdf,200,OK,https://nyccivilrightshistory.org/gallery/bayard-rustin/,[]
https://vimeo.com/29063912,200,OK,https://nyccivilrightshistory.org/gallery/ocean-hill-brownsville-parents/,[]
https://nyccivilrightshistory.org/gallery/bayard-rustin,200,OK,https://nyccivilrightshistory.org/gallery/bayard-rustin/,[]
https://player.vimeo.com/video/29063912,401,BROKEN,https://nyccivilrightshistory.org/gallery/ocean-hill-brownsville-parents/,
https://nyccivilrightshistory.org/images/decentralization.jpg,200,OK,https://nyccivilrightshistory.org/gallery/decentralization/,[]
https://nyccivilrightshistory.org/plain-text/decentralization,200,OK,https://nyccivilrightshistory.org/gallery/decentralization/,[]
https://nyccivilrightshistory.org/gallery/la-escuela-bilingue,200,OK,https://nyccivilrightshistory.org/gallery/decentralization/,[]
https://www.discoverlbj.org/item/oh-rustinb-19690617-1-74-65,403,BROKEN,https://nyccivilrightshistory.org/gallery/bayard-rustin/,
https://nyccivilrightshistory.org/categories/Bronx/,200,OK,https://nyccivilrightshistory.org/gallery/decentralization/,[]
https://nyccivilrightshistory.org/topics/who-governs-schools/decentralization,200,OK,https://nyccivilrightshistory.org/gallery/decentralization/,[]
https://nyccivilrightshistory.org/gallery/decentralization,200,OK,https://nyccivilrightshistory.org/gallery/decentralization/,[]
https://nyccivilrightshistory.org/images/fifteen-demands.jpg,200,OK,https://nyccivilrightshistory.org/gallery/fifteen-demands/,[]
https://nyccivilrightshistory.org/plain-text/fifteen-demands,200,OK,https://nyccivilrightshistory.org/gallery/fifteen-demands/,[]
https://archives.nypl.org/scm/22268,200,OK,https://nyccivilrightshistory.org/gallery/decentralization/,[]
https://nyccivilrightshistory.org/images/viva-harlem-u.jpg,200,OK,https://nyccivilrightshistory.org/gallery/viva-harlem-u/,[]
https://nyccivilrightshistory.org/gallery/fifteen-demands,200,OK,https://nyccivilrightshistory.org/gallery/fifteen-demands/,[]
https://nyccivilrightshistory.org/gallery/viva-harlem-u,200,OK,https://nyccivilrightshistory.org/gallery/viva-harlem-u/,[]
http://whybusingfailed.com/anvc/why-busing-failed/the-myth-of-de-facto-segregation,200,OK,https://nyccivilrightshistory.org/gallery/dr-king-on-school-boycott-concept/,[]
https://nyccivilrightshistory.org/images/malcolm-x-memorial.jpg,200,OK,https://nyccivilrightshistory.org/gallery/malcolm-x-memorial/,[]
https://nyccivilrightshistory.org/gallery/malcolm-x-memorial,200,OK,https://nyccivilrightshistory.org/gallery/malcolm-x-memorial/,[]
https://digitalcollections.nypl.org/items/d7106b80-23ee-0137-5d0e-73c4827ac44a,200,OK,https://nyccivilrightshistory.org/gallery/malcolm-x-memorial/,[]
https://cdha.cuny.edu/,200,OK,https://nyccivilrightshistory.org/gallery/viva-harlem-u/,[]
https://nyccivilrightshistory.org/images/we-demand.jpg,200,OK,https://nyccivilrightshistory.org/gallery/we-demand/,[]
https://nyccivilrightshistory.org/images/we-demand.pdf,200,OK,https://nyccivilrightshistory.org/gallery/we-demand/,[]
https://nyccivilrightshistory.org/plain-text/we-demand,200,OK,https://nyccivilrightshistory.org/gallery/we-demand/,[]
https://nyccivilrightshistory.org/gallery/we-demand,200,OK,https://nyccivilrightshistory.org/gallery/we-demand/,[]
https://cuny.manifoldapp.org/projects/audre-lorde-i-teach-myself-in-outline-cuny-lf,200,OK,https://nyccivilrightshistory.org/gallery/viva-harlem-u/,[]
https://nyccivilrightshistory.org/images/district-21-population-maps.jpg,200,OK,https://nyccivilrightshistory.org/gallery/district-21-population-maps/,[]
https://nyccivilrightshistory.org/images/district-21-population-maps.pdf,200,OK,https://nyccivilrightshistory.org/gallery/district-21-population-maps/,[]
https://nyccivilrightshistory.org/gallery/district-21-population-maps/www.socialexplorer.com,404,BROKEN,https://nyccivilrightshistory.org/gallery/district-21-population-maps/,
https://nyccivilrightshistory.org/topics/how-did-nyc-segregate/school-zones,200,OK,https://nyccivilrightshistory.org/gallery/district-21-population-maps/,[]
https://nyccivilrightshistory.org/images/evelina-antonetty-ubp-protest-lunch.jpg,200,OK,https://nyccivilrightshistory.org/gallery/evelina-antonetty-ubp-protest-lunch/,[]
https://nyccivilrightshistory.org/gallery/district-21-population-maps,200,OK,https://nyccivilrightshistory.org/gallery/district-21-population-maps/,[]
https://cdha.cuny.edu/items/show/6952,200,OK,https://nyccivilrightshistory.org/gallery/we-demand/,[]
https://nyccivilrightshistory.org/images/le-gustaria-que-sus-ninos.jpg,200,OK,https://nyccivilrightshistory.org/gallery/le-gustaria-que-sus-ninos/,[]
https://nyccivilrightshistory.org/gallery/evelina-antonetty-ubp-protest-lunch,200,OK,https://nyccivilrightshistory.org/gallery/evelina-antonetty-ubp-protest-lunch/,[]
https://nyccivilrightshistory.org/images/le-gustaria-que-sus-ninos.pdf,200,OK,https://nyccivilrightshistory.org/gallery/le-gustaria-que-sus-ninos/,[]
https://nyccivilrightshistory.org/plain-text/le-gustaria-que-sus-ninos,200,OK,https://nyccivilrightshistory.org/gallery/le-gustaria-que-sus-ninos/,[]
https://nyccivilrightshistory.org/topics/boycotting-ny-schools/youth-organizing/check-your-school-questionnaire,200,OK,https://nyccivilrightshistory.org/gallery/le-gustaria-que-sus-ninos/,[]
https://nyccivilrightshistory.org/gallery/le-gustaria-que-sus-ninos,200,OK,https://nyccivilrightshistory.org/gallery/le-gustaria-que-sus-ninos/,[]
https://nyccivilrightshistory.org/images/on-the-way-to-local-control.jpg,200,OK,https://nyccivilrightshistory.org/gallery/on-the-way-to-local-control/,[]
https://nyccivilrightshistory.org/images/on-the-way-to-local-control.pdf,200,OK,https://nyccivilrightshistory.org/gallery/on-the-way-to-local-control/,[]
https://nyccivilrightshistory.org/plain-text/on-the-way-to-local-control,200,OK,https://nyccivilrightshistory.org/gallery/on-the-way-to-local-control/,[]
https://nyccivilrightshistory.org/gallery/on-the-way-to-local-control/Preston%20Wilcox%20Papers,404,BROKEN,https://nyccivilrightshistory.org/gallery/on-the-way-to-local-control/,
https://nyccivilrightshistory.org/images/june-jordan-graduation.jpg,200,OK,https://nyccivilrightshistory.org/gallery/june-jordan-graduation/,[]
https://nyccivilrightshistory.org/gallery/on-the-way-to-local-control,200,OK,https://nyccivilrightshistory.org/gallery/on-the-way-to-local-control/,[]
https://centroca.hunter.cuny.edu/Detail/objects/3724,200,OK,https://nyccivilrightshistory.org/gallery/le-gustaria-que-sus-ninos/,[]
https://cuny.manifoldapp.org/read/life-studies-1966-1976-4ac0a256-b280-40d0-bc1a-6595b8d20c6f/section/19099b41-c6aa-48b0-9186-6d588c3a37c5,200,OK,https://nyccivilrightshistory.org/gallery/june-jordan-graduation/,[]
https://nyccivilrightshistory.org/gallery/june-jordan-graduation,200,OK,https://nyccivilrightshistory.org/gallery/june-jordan-graduation/,[]
https://nyccivilrightshistory.org/images/denise-oliver.jpg,200,OK,https://nyccivilrightshistory.org/gallery/denise-oliver/,[]
https://cuny.manifoldapp.org/read/life-studies-1966-1976-4ac0a256-b280-40d0-bc1a-6595b8d20c6f/section/03e39f3f-e8d0-458c-a362-cff02999b6f7,200,OK,https://nyccivilrightshistory.org/gallery/june-jordan-graduation/,[]
https://nyccivilrightshistory.org/images/iris-morales.jpg,200,OK,https://nyccivilrightshistory.org/gallery/iris-morales/,[]
https://nyccivilrightshistory.org/gallery/denise-oliver,200,OK,https://nyccivilrightshistory.org/gallery/denise-oliver/,[]
https://nyccivilrightshistory.org/topics/boycotting-ny-schools/1964-boycotts/,200,OK,https://nyccivilrightshistory.org/gallery/iris-morales/,[]
https://nyccivilrightshistory.org/images/palante.jpg,200,OK,https://nyccivilrightshistory.org/gallery/palante/,[]
https://nyccivilrightshistory.org/gallery/iris-morales,200,OK,https://nyccivilrightshistory.org/gallery/iris-morales/,[]
https://nyccivilrightshistory.org/plain-text/palante,200,OK,https://nyccivilrightshistory.org/gallery/palante/,[]
https://nmaahc.si.edu/object/nmaahc_2014.109.7.10,403,BROKEN,https://nyccivilrightshistory.org/gallery/palante/,
https://nyccivilrightshistory.org/gallery/palante,200,OK,https://nyccivilrightshistory.org/gallery/palante/,[]
https://nyccivilrightshistory.org/images/educational-needs-of-the-puerto-rican-child.jpg,200,OK,https://nyccivilrightshistory.org/gallery/educational-needs-of-the-puerto-rican-child/,[]
https://web.archive.org/web/20211029031109/https://nmaahc.si.edu/object/nmaahc_2014.109.7.4,200,OK,https://nyccivilrightshistory.org/gallery/denise-oliver/,[]
https://nyccivilrightshistory.org/plain-text/educational-needs-of-the-puerto-rican-child,200,OK,https://nyccivilrightshistory.org/gallery/educational-needs-of-the-puerto-rican-child/,[]
https://nyccivilrightshistory.org/images/educational-needs-of-the-puerto-rican-child.pdf,200,OK,https://nyccivilrightshistory.org/gallery/educational-needs-of-the-puerto-rican-child/,[]
https://nyccivilrightshistory.org/gallery/topics/black-latina-women/united-bronx-parents/puerto-ricans,404,BROKEN,https://nyccivilrightshistory.org/gallery/educational-needs-of-the-puerto-rican-child/,
https://nyccivilrightshistory.org/gallery/educational-needs-of-the-puerto-rican-child,200,OK,https://nyccivilrightshistory.org/gallery/educational-needs-of-the-puerto-rican-child/,[]
https://nyccivilrightshistory.org/images/sofedup-handbook.jpg,200,OK,https://nyccivilrightshistory.org/gallery/sofedup-handbook/,[]
https://nyccivilrightshistory.org/images/sofedup-handbook.pdf,200,OK,https://nyccivilrightshistory.org/gallery/sofedup-handbook/,[]
https://nyccivilrightshistory.org/plain-text/sofedup-handbook,200,OK,https://nyccivilrightshistory.org/gallery/sofedup-handbook/,[]
https://nyccivilrightshistory.org/gallery/sofedup-handbook/topics/black-latina-women/audre-lorde-cuny/we-demand,404,BROKEN,https://nyccivilrightshistory.org/gallery/sofedup-handbook/,
https://nyccivilrightshistory.org/images/cj-conglio-video-sm.jpg,200,OK,https://nyccivilrightshistory.org/gallery/sofedup-handbook/,[]
http://www.ebatiz.com/ubpinc/our-history,200,OK,https://nyccivilrightshistory.org/gallery/evelina-antonetty-ubp-protest-lunch/,[]
https://nyccivilrightshistory.org/images/bernard-carabello.jpg,200,OK,https://nyccivilrightshistory.org/gallery/bernard-carabello/,[]
https://nyccivilrightshistory.org/gallery/sofedup-handbook,200,OK,https://nyccivilrightshistory.org/gallery/sofedup-handbook/,[]
https://www.youtube.com/embed/Futy8X7HwVU,200,OK,https://nyccivilrightshistory.org/gallery/bernard-carabello/,[]
https://www.nytimes.com/1988/12/11/nyregion/a-misdiagnosed-deaf-man-s-ordeal.html,403,BROKEN,https://nyccivilrightshistory.org/gallery/bernard-carabello/,
https://eric.ed.gov/?id=ED072576,200,OK,https://nyccivilrightshistory.org/gallery/sofedup-handbook/,[]
https://www.nytimes.com/1977/09/30/archives/cerebral-palsy-unit-praised-by-state-aide.html,403,BROKEN,https://nyccivilrightshistory.org/gallery/bernard-carabello/,
https://nysilc.org/inductees/32-2022/234-bernard-carabello,200,OK,https://nyccivilrightshistory.org/gallery/bernard-carabello/,[]
https://nyccivilrightshistory.org/gallery/bernard-carabello,200,OK,https://nyccivilrightshistory.org/gallery/bernard-carabello/,[]
https://nyccivilrightshistory.org/images/mark-twain-on-51st-state-1.jpg,200,OK,https://nyccivilrightshistory.org/gallery/mark-twain-on-51st-state-1/,[]
https://centroca.hunter.cuny.edu/Detail/objects/23897,200,OK,https://nyccivilrightshistory.org/gallery/educational-needs-of-the-puerto-rican-child/,[]
https://www.youtube.com/embed/Ztyyd63OdIY,200,OK,https://nyccivilrightshistory.org/gallery/mark-twain-on-51st-state-1/,[]
https://nyccivilrightshistory.org/gallery/mark-twain-on-51st-state-1,200,OK,https://nyccivilrightshistory.org/gallery/mark-twain-on-51st-state-1/,[]
https://nyccivilrightshistory.org/topics/how-did-nyc-segregate/housing-policies-patterns/holc-map,200,OK,https://nyccivilrightshistory.org/gallery/mark-twain-on-51st-state-1/,[]
https://nyccivilrightshistory.org/topics/how-did-nyc-segregate/housing-policies-patterns/underwriting-manual,200,OK,https://nyccivilrightshistory.org/gallery/mark-twain-on-51st-state-1/,[]
https://nyccivilrightshistory.org/images/mark-twain-on-51st-state-2.jpg,200,OK,https://nyccivilrightshistory.org/gallery/mark-twain-on-51st-state-2/,[]
https://www.geraldo.com/willowbrook-the-last-great-disgrace20221008000226/,404,BROKEN,https://nyccivilrightshistory.org/gallery/bernard-carabello/,
https://whybusingfailed.com/,0,BROKEN,https://nyccivilrightshistory.org/gallery/mark-twain-on-51st-state-2/,
https://www.youtube.com/embed/ubVtpvvf2H4,200,OK,https://nyccivilrightshistory.org/gallery/mark-twain-on-51st-state-2/,[]
https://nyccivilrightshistory.org/gallery/mark-twain-on-51st-state-2,200,OK,https://nyccivilrightshistory.org/gallery/mark-twain-on-51st-state-2/,[]
https://www.youtube.com/watch?v=Nh1zlTAf_gA,200,OK,https://nyccivilrightshistory.org/gallery/mark-twain-on-51st-state-1/,[]
https://nyccivilrightshistory.org/topics/how-did-nyc-segregate/racist-ableist-ideas/the-controversial-moynihan-report,200,OK,https://nyccivilrightshistory.org/gallery/mark-twain-on-51st-state-2/,[]
https://nyccivilrightshistory.org/images/mark-twain-on-51st-state-3.jpg,200,OK,https://nyccivilrightshistory.org/gallery/mark-twain-on-51st-state-3/,[]
https://www.youtube.com/embed/JkTMm2H_mVQ,200,OK,https://nyccivilrightshistory.org/gallery/mark-twain-on-51st-state-3/,[]
https://nyccivilrightshistory.org/topics/how-did-nyc-segregate/racist-ableist-ideas/,200,OK,https://nyccivilrightshistory.org/gallery/mark-twain-on-51st-state-3/,[]
https://nyccivilrightshistory.org/topics/how-did-nyc-segregate/tests-labels-discipline,200,OK,https://nyccivilrightshistory.org/gallery/mark-twain-on-51st-state-3/,[]
https://nyccivilrightshistory.org/gallery/mark-twain-on-51st-state-3,200,OK,https://nyccivilrightshistory.org/gallery/mark-twain-on-51st-state-3/,[]
https://nyccivilrightshistory.org/images/mark-twain-on-51st-state-4.jpg,200,OK,https://nyccivilrightshistory.org/gallery/mark-twain-on-51st-state-4/,[]
https://nyccivilrightshistory.org/topics/how-did-nyc-segregate/school-governance-democratic-control,200,OK,https://nyccivilrightshistory.org/gallery/mark-twain-on-51st-state-4/,[]
https://nyccivilrightshistory.org/gallery/mark-twain-on-51st-state-4,200,OK,https://nyccivilrightshistory.org/gallery/mark-twain-on-51st-state-4/,[]
https://www.youtube.com/embed/z17fTXJnNS4,200,OK,https://nyccivilrightshistory.org/gallery/mark-twain-on-51st-state-4/,[]
https://nyccivilrightshistory.org/images/hart-v-community-school-board-21-2.jpg,200,OK,https://nyccivilrightshistory.org/gallery/hart-v-community-school-board-21-2/,[]
https://nyccivilrightshistory.org/topics/who-governs-schools/community-control/,200,OK,https://nyccivilrightshistory.org/gallery/mark-twain-on-51st-state-4/,[]
https://nyccivilrightshistory.org/plain-text/hart-v-community-school-board-21-2,404,BROKEN,https://nyccivilrightshistory.org/gallery/hart-v-community-school-board-21-2/,
https://nyccivilrightshistory.org/images/hart-v-community-school-board-21-2.pdf,200,OK,https://nyccivilrightshistory.org/gallery/hart-v-community-school-board-21-2/,[]
https://nyccivilrightshistory.org/gallery/hart-v-community-school-board-21-2.%22,404,BROKEN,https://nyccivilrightshistory.org/gallery/hart-v-community-school-board-21-2/,
https://nyccivilrightshistory.org/topics/how-did-nyc-segregate/,200,OK,https://nyccivilrightshistory.org/gallery/hart-v-community-school-board-21-2/,[]
https://nyccivilrightshistory.org/images/hart-v-community-school-board-21-1.jpg,200,OK,https://nyccivilrightshistory.org/gallery/hart-v-community-school-board-21-1/,[]
https://nyccivilrightshistory.org/plain-text/hart-v-community-school-board-21-1,404,BROKEN,https://nyccivilrightshistory.org/gallery/hart-v-community-school-board-21-1/,
https://nyccivilrightshistory.org/gallery/hart-v-community-school-board-21-1.%22,404,BROKEN,https://nyccivilrightshistory.org/gallery/hart-v-community-school-board-21-1/,
https://youtu.be/Nh1zlTAf_gA?si=BxwGsDryIJsFyxUQ&t=342,200,OK,https://nyccivilrightshistory.org/gallery/mark-twain-on-51st-state-1/,[]
https://nyccivilrightshistory.org/images/hart-v-community-school-board-21-1.pdf,200,OK,https://nyccivilrightshistory.org/gallery/hart-v-community-school-board-21-1/,[]
https://nyccivilrightshistory.org/images/clark-hits-integration-plan.jpg,200,OK,https://nyccivilrightshistory.org/gallery/clark-hits-integration-plan/,[]
https://nyccivilrightshistory.org/plain-text/clark-hits-integration-plan,404,BROKEN,https://nyccivilrightshistory.org/gallery/clark-hits-integration-plan/,
https://nyccivilrightshistory.org/images/mom-worthy-opponent-for-state.jpg,200,OK,https://nyccivilrightshistory.org/gallery/mom-worthy-opponent-for-state/,[]
https://nyccivilrightshistory.org/images/mom-worthy-opponent-for-state.pdf,200,OK,https://nyccivilrightshistory.org/gallery/mom-worthy-opponent-for-state/,[]
https://nyccivilrightshistory.org/gallery/clark-hits-integration-plan,200,OK,https://nyccivilrightshistory.org/gallery/clark-hits-integration-plan/,[]
https://nyccivilrightshistory.org/plain-text/mom-worthy-opponent-for-state,200,OK,https://nyccivilrightshistory.org/gallery/mom-worthy-opponent-for-state/,[]
https://nyccivilrightshistory.org/topics/black-latina-women/gouverneur-parents-association/willie-mae-goodman,200,OK,https://nyccivilrightshistory.org/gallery/mom-worthy-opponent-for-state/,[]
https://nyccivilrightshistory.org/topics/joyful-struggle/double-dutch/kids-jump-for-prizes/,200,OK,https://nyccivilrightshistory.org/gallery/double-dutch-tournament/,[]
https://nyccivilrightshistory.org/images/double-dutch-tournament.jpg,200,OK,https://nyccivilrightshistory.org/gallery/double-dutch-tournament/,[]
https://nyccivilrightshistory.org/gallery/mom-worthy-opponent-for-state,200,OK,https://nyccivilrightshistory.org/gallery/mom-worthy-opponent-for-state/,[]
https://nyccivilrightshistory.org/topics/joyful-struggle/double-dutch/history-double-dutch,200,OK,https://nyccivilrightshistory.org/gallery/double-dutch-tournament/,[]
https://nyccivilrightshistory.org/topics/joyful-struggle/double-dutch,200,OK,https://nyccivilrightshistory.org/gallery/double-dutch-tournament/,[]
https://nyccivilrightshistory.org/gallery/double-dutch-tournament,200,OK,https://nyccivilrightshistory.org/gallery/double-dutch-tournament/,[]
https://nyccivilrightshistory.org/images/where-is-district-5.jpg,200,OK,https://nyccivilrightshistory.org/gallery/where-is-district-5/,[]
https://nyccivilrightshistory.org/plain-text/where-is-district-5,200,OK,https://nyccivilrightshistory.org/gallery/where-is-district-5/,[]
https://nyccivilrightshistory.org/images/hew-report.jpg,200,OK,https://nyccivilrightshistory.org/gallery/hew-report/,[]
https://nyccivilrightshistory.org/plain-text/hew-report,404,BROKEN,https://nyccivilrightshistory.org/gallery/hew-report/,
https://www.civilrightsproject.ucla.edu/research/k-12-education/integration-and-diversity/ny-norflet-report-placeholder/Kucsera-New-York-Extreme-Segregation-2014.pdf,404,BROKEN,https://nyccivilrightshistory.org/gallery/hew-report/,
https://nyccivilrightshistory.org/gallery/where-is-district-5,200,OK,https://nyccivilrightshistory.org/gallery/where-is-district-5/,[]
https://nyccivilrightshistory.org/images/hew-report.pdf,200,OK,https://nyccivilrightshistory.org/gallery/hew-report/,[]
https://nyccivilrightshistory.org/images/goldie-chu.jpg,200,OK,https://nyccivilrightshistory.org/gallery/goldie-chu/,[]
https://nyccivilrightshistory.org/gallery/hew-report,200,OK,https://nyccivilrightshistory.org/gallery/hew-report/,[]
https://files.eric.ed.gov/fulltext/ED135888.pdf,200,OK,https://nyccivilrightshistory.org/gallery/hew-report/,[]
https://nyccivilrightshistory.org/gallery/goldie-chu,200,OK,https://nyccivilrightshistory.org/gallery/goldie-chu/,[]
https://nyccivilrightshistory.org/images/jose-p-vs-ambach.jpg,200,OK,https://nyccivilrightshistory.org/gallery/jose-p-vs-ambach/,[]
https://nyccivilrightshistory.org/images/jose-p-vs-ambach.pdf,200,OK,https://nyccivilrightshistory.org/gallery/jose-p-vs-ambach/,[]
https://nyccivilrightshistory.org/plain-text/jose-p-vs-ambach,200,OK,https://nyccivilrightshistory.org/gallery/jose-p-vs-ambach/,[]
https://www.flickr.com/photos/laguardiaandwagnerarchives/4115181342,200,OK,https://nyccivilrightshistory.org/gallery/goldie-chu/,[]
https://www.vice.com/en/article/nn974m/double-dutchs-forgotten-hip-hop-origins-456,200,OK,https://nyccivilrightshistory.org/gallery/double-dutch-tournament/,[]
https://nyccivilrightshistory.org/gallery/jose-p-vs-ambach,200,OK,https://nyccivilrightshistory.org/gallery/jose-p-vs-ambach/,[]
https://nyccivilrightshistory.org/images/parents-protest-for-school-transportation.jpg,200,OK,https://nyccivilrightshistory.org/gallery/parents-protest-for-school-transportation/,[]
https://www.youtube.com/embed/SDJ8L0rMTbM,200,OK,https://nyccivilrightshistory.org/gallery/parents-protest-for-school-transportation/,[]
https://www.nytimes.com/1979/03/22/archives/instructions-are-given-on-alternative-means-to-transport-students.html,403,BROKEN,https://nyccivilrightshistory.org/gallery/parents-protest-for-school-transportation/,
https://www.cnn.com/2013/01/16/us/new-york-school-bus-strike/index.html,200,OK,https://nyccivilrightshistory.org/gallery/parents-protest-for-school-transportation/,[]
https://www.nydailynews.com/2023/10/25/nyc-students-with-disabilities-file-federal-civil-rights-complaint-over-transportation-woes/,200,OK,https://nyccivilrightshistory.org/gallery/parents-protest-for-school-transportation/,[]
https://www.advocatesforchildren.org/sites/default/files/on_page/jose_p_complaint_february_1979.pdf?pt=1.,404,BROKEN,https://nyccivilrightshistory.org/gallery/jose-p-vs-ambach/,
https://nyccivilrightshistory.org/gallery/parents-protest-for-school-transportation,200,OK,https://nyccivilrightshistory.org/gallery/parents-protest-for-school-transportation/,[]
https://nyccivilrightshistory.org/images/willie-mae-and-marguerite-goodman.jpg,200,OK,https://nyccivilrightshistory.org/gallery/willie-mae-and-marguerite-goodman/,[]
https://www.advocatesforchildren.org/sites/default/files/on_page/jose_p_complaint_february_1979.pdf?pt=1,404,BROKEN,https://nyccivilrightshistory.org/gallery/jose-p-vs-ambach/,
https://nyccivilrightshistory.org/plain-text/willie-mae-and-marguerite-goodman,200,OK,https://nyccivilrightshistory.org/gallery/willie-mae-and-marguerite-goodman/,[]
https://nyccivilrightshistory.org/gallery/topics/black-latina-women/cisco-resisting-segregation/elizabeth-cisco,404,BROKEN,https://nyccivilrightshistory.org/gallery/willie-mae-and-marguerite-goodman/,
https://nyccivilrightshistory.org/gallery/topics/black-latina-women/harlem-nine/mae-mallory-and-daughter,404,BROKEN,https://nyccivilrightshistory.org/gallery/willie-mae-and-marguerite-goodman/,
https://nyccivilrightshistory.org/gallery/willie-mae-and-marguerite-goodman,200,OK,https://nyccivilrightshistory.org/gallery/willie-mae-and-marguerite-goodman/,[]
https://nyccivilrightshistory.org/gallery/topics/black-latina-women/young-lords/denise-oliver,404,BROKEN,https://nyccivilrightshistory.org/gallery/willie-mae-and-marguerite-goodman/,
https://www.advocatesforchildren.org/sites/default/files/on_page/jose_p_judgment_december_1979.pdf?pt=1,404,BROKEN,https://nyccivilrightshistory.org/gallery/jose-p-vs-ambach/,
https://nyccivilrightshistory.org/images/audre-lorde-portrait.jpg,200,OK,https://nyccivilrightshistory.org/gallery/audre-lorde-portrait/,[]
https://nycrecords.access.preservica.com/uncategorized/IO_28d862ca-2ef9-4213-b965-6920ac81f0fa/,200,OK,https://nyccivilrightshistory.org/gallery/parents-protest-for-school-transportation/,[]
https://nmaahc.si.edu/object/nmaahc_TA2019.38.1.1.1.11,403,BROKEN,https://nyccivilrightshistory.org/gallery/audre-lorde-portrait/,
https://www.google.com/books/edition/Zami_A_New_Spelling_of_My_Name/TlqFFVbY9BEC?hl=en&gbpv=1&printsec=frontcover,200,OK,https://nyccivilrightshistory.org/gallery/audre-lorde-portrait/,[]
https://lh3.googleusercontent.com/pTwEIgzXb-ycTEl_-q5Q8Maugl_8hlQY19MjBTtU7Bjf2dOEDljcSyHrfUfhJhGRHoljs6beE7WJoDm-Go2Xx8uUWZT9Lv3LjnqIWOnW_0m8C7mgQbUL=s0,200,OK,https://nyccivilrightshistory.org/gallery/audre-lorde-portrait/,[]
https://nyccivilrightshistory.org/images/sculpture-by-john-ahearn.jpg,200,OK,https://nyccivilrightshistory.org/gallery/sculpture-by-john-ahearn/,[]
https://nyccivilrightshistory.org/gallery/audre-lorde-portrait,200,OK,https://nyccivilrightshistory.org/gallery/audre-lorde-portrait/,[]
https://npg.si.edu/object/npg_NPG.2020.176,403,BROKEN,https://nyccivilrightshistory.org/gallery/audre-lorde-portrait/,
https://nyccivilrightshistory.org/images/history-double-dutch.jpg,200,OK,https://nyccivilrightshistory.org/gallery/history-double-dutch/,[]
https://nyccivilrightshistory.org/gallery/sculpture-by-john-ahearn,200,OK,https://nyccivilrightshistory.org/gallery/sculpture-by-john-ahearn/,[]
https://digital.library.cornell.edu/catalog/ss:1406035,403,BROKEN,https://nyccivilrightshistory.org/gallery/sculpture-by-john-ahearn/,
https://nyccivilrightshistory.org/plain-text/history-double-dutch,200,OK,https://nyccivilrightshistory.org/gallery/history-double-dutch/,[]
https://nyccivilrightshistory.org/gallery/history-double-dutch,200,OK,https://nyccivilrightshistory.org/gallery/history-double-dutch/,[]
https://nyccivilrightshistory.org/images/kids-jump-for-prizes.jpg,200,OK,https://nyccivilrightshistory.org/gallery/kids-jump-for-prizes/,[]
https://nyccivilrightshistory.org/plain-text/kids-jump-for-prizes,200,OK,https://nyccivilrightshistory.org/gallery/kids-jump-for-prizes/,[]
https://bronxmuseum.org/wp-content/uploads/2022/10/Swagger-and-Tenderness-Family-Guide.pdf,200,OK,https://nyccivilrightshistory.org/gallery/sculpture-by-john-ahearn/,[]
https://nyccivilrightshistory.org/images/kids-jump-for-prizes.pdf,200,OK,https://nyccivilrightshistory.org/gallery/kids-jump-for-prizes/,[]
https://nyccivilrightshistory.org/plain-text/la-escuela-bilingue,404,BROKEN,https://nyccivilrightshistory.org/gallery/la-escuela-bilingue/,
https://nyccivilrightshistory.org/images/la-escuela-bilingue.jpg,200,OK,https://nyccivilrightshistory.org/gallery/la-escuela-bilingue/,[]
https://nyccivilrightshistory.org/gallery/kids-jump-for-prizes,200,OK,https://nyccivilrightshistory.org/gallery/kids-jump-for-prizes/,[]
https://nyccivilrightshistory.org/images/focus-on-learning.jpg,200,OK,https://nyccivilrightshistory.org/gallery/focus-on-learning/,[]
https://nyccivilrightshistory.org/plain-text/focus-on-learning,200,OK,https://nyccivilrightshistory.org/gallery/focus-on-learning/,[]
https://nyccivilrightshistory.org/gallery/focus-on-learning/topics/seeking-equity-for-disabled-students/beginnings-of-special-ed,404,BROKEN,https://nyccivilrightshistory.org/gallery/focus-on-learning/,
https://nyccivilrightshistory.org/images/focus-on-learning.pdf,200,OK,https://nyccivilrightshistory.org/gallery/focus-on-learning/,[]
https://nyccivilrightshistory.org/gallery/focus-on-learning/topics/boycotting-ny-schools/1965-boycott/,404,BROKEN,https://nyccivilrightshistory.org/gallery/focus-on-learning/,
https://nyccivilrightshistory.org/gallery/focus-on-learning,200,OK,https://nyccivilrightshistory.org/gallery/focus-on-learning/,[]
https://www.processhistory.org/brooks-nypd-athletic-league/,403,BROKEN,https://nyccivilrightshistory.org/gallery/history-double-dutch/,
https://nyccivilrightshistory.org/images/disability-independence-day-march.jpg,200,OK,https://nyccivilrightshistory.org/gallery/disability-independence-day-march/,[]
https://nyccivilrightshistory.org/gallery/disability-independence-day-march/gallery/your-child-and-willowbrook,404,BROKEN,https://nyccivilrightshistory.org/gallery/disability-independence-day-march/,
https://nyccivilrightshistory.org/images/text-icon.jpg,200,OK,https://nyccivilrightshistory.org/gallery/puerto-ricans/,[]
https://nyccivilrightshistory.org/gallery/disability-independence-day-march,200,OK,https://nyccivilrightshistory.org/gallery/disability-independence-day-march/,[]
https://academicworks.cuny.edu/gc_etds/2957,200,OK,https://nyccivilrightshistory.org/gallery/la-escuela-bilingue/,[]
https://eric.ed.gov/?id=ED392187,200,OK,https://nyccivilrightshistory.org/gallery/focus-on-learning/,[]
https://nyccivilrightshistory.org/gallery/puerto-ricans,200,OK,https://nyccivilrightshistory.org/gallery/puerto-ricans/,[]
https://nyccivilrightshistory.org/images/lexington-school-for-deaf.jpg,200,OK,https://nyccivilrightshistory.org/gallery/lexington-school-for-deaf/,[]
https://nyccivilrightshistory.org/plain-text/lexington-school-for-deaf,200,OK,https://nyccivilrightshistory.org/gallery/lexington-school-for-deaf/,[]
https://cuny.manifoldapp.org/read/realizing-the-dream-of-a-black-university-other-writings-part-i/section/e29ebe26-4067-4c4f-8570-e182a32a2cf3,200,OK,https://nyccivilrightshistory.org/gallery/puerto-ricans/,[]
https://gallaudet.edu/museum/history/the-deaf-president-now-dpn-protest/events-leading-up-to-dpn/,403,BROKEN,https://nyccivilrightshistory.org/gallery/lexington-school-for-deaf/,
https://www.nytimes.com/1998/03/05/nyregion/new-york-to-teach-deaf-in-sign-language-then-english.html,403,BROKEN,https://nyccivilrightshistory.org/gallery/lexington-school-for-deaf/,
https://nyccivilrightshistory.org/images/nicolyn-plummer-video-sm.jpg,200,OK,https://nyccivilrightshistory.org/gallery/lexington-school-for-deaf/,[]
https://www.nytimes.com/1994/04/27/nyregion/deaf-students-protest-new-school-head.html,403,BROKEN,https://nyccivilrightshistory.org/gallery/lexington-school-for-deaf/,
https://nyccivilrightshistory.org/images/ny-hotline-special-ed-1.jpg,200,OK,https://nyccivilrightshistory.org/gallery/ny-hotline-special-ed-1/,[]
https://www.nytimes.com/1994/06/22/nyregion/chief-executive-to-step-down-at-deaf-center.html,403,BROKEN,https://nyccivilrightshistory.org/gallery/lexington-school-for-deaf/,
https://nyccivilrightshistory.org/gallery/lexington-school-for-deaf,200,OK,https://nyccivilrightshistory.org/gallery/lexington-school-for-deaf/,[]
https://nyccivilrightshistory.org/gallery/ny-hotline-special-ed-1/topics/seeking-equity/hew-report,404,BROKEN,https://nyccivilrightshistory.org/gallery/ny-hotline-special-ed-1/,
https://www.youtube.com/embed/MxZAqxeXOA8,200,OK,https://nyccivilrightshistory.org/gallery/ny-hotline-special-ed-1/,[]
https://nyccivilrightshistory.org/gallery/ny-hotline-special-ed-1,200,OK,https://nyccivilrightshistory.org/gallery/ny-hotline-special-ed-1/,[]
https://nyccivilrightshistory.org/images/ny-hotline-special-ed-2.jpg,200,OK,https://nyccivilrightshistory.org/gallery/ny-hotline-special-ed-2/,[]
https://cuny.manifoldapp.org/read/realizing-the-dream-of-a-black-university-other-writings-part-i/section/e29ebe26-4067-4c4f-8570-e182a32a2cf,404,BROKEN,https://nyccivilrightshistory.org/gallery/puerto-ricans/,
https://www.youtube.com/embed/P_0ysCY_I8g,200,OK,https://nyccivilrightshistory.org/gallery/ny-hotline-special-ed-2/,[]
https://nyccivilrightshistory.org/gallery/ny-hotline-special-ed-2,200,OK,https://nyccivilrightshistory.org/gallery/ny-hotline-special-ed-2/,[]
https://nyccivilrightshistory.org/images/the-man-who-could-fly.jpg,200,OK,https://nyccivilrightshistory.org/gallery/the-man-who-could-fly/,[]
https://nyccivilrightshistory.org/gallery/the-man-who-could-fly,200,OK,https://nyccivilrightshistory.org/gallery/the-man-who-could-fly/,[]
https://books.google.es/books/about/The_Man_who_Could_Fly.html?id=VYMHAAAACAAJ&source=kp_book_description&redir_esc=y,200,OK,https://nyccivilrightshistory.org/gallery/the-man-who-could-fly/,[]
https://www.nytimes.com/2002/01/30/nyregion/mayor-michael-r-bloombergs-state-of-the-city-address.html,403,BROKEN,https://nyccivilrightshistory.org/gallery/state-of-the-city/,
https://nycrecords.access.preservica.com/uncategorized/IO_88f9550f-5b41-486c-b758-64ec0adc5810/,200,OK,https://nyccivilrightshistory.org/gallery/ny-hotline-special-ed-1/,[]
https://nyccivilrightshistory.org/images/evelina-antonetty-mural.jpg,200,OK,https://nyccivilrightshistory.org/gallery/evelina-antonetty-mural/,[]
https://nyccivilrightshistory.org/gallery/state-of-the-city,200,OK,https://nyccivilrightshistory.org/gallery/state-of-the-city/,[]
https://nyccivilrightshistory.org/plain-text/evelina-antonetty-mural,200,OK,https://nyccivilrightshistory.org/gallery/evelina-antonetty-mural/,[]
https://nyccivilrightshistory.org/gallery/evelina-antonetty-mural,200,OK,https://nyccivilrightshistory.org/gallery/evelina-antonetty-mural/,[]
https://www.nytimes.com/1970/05/27/archives/woman-in-wheel-chair-sues-to-become-teacher.html,403,BROKEN,https://nyccivilrightshistory.org/gallery/judy-heumann-oral-history/,
https://nyccivilrightshistory.org/gallery/judy-heumann-oral-history,200,OK,https://nyccivilrightshistory.org/gallery/judy-heumann-oral-history/,[]
https://nyccivilrightshistory.org/images/bloomberg-remarks.jpg,200,OK,https://nyccivilrightshistory.org/gallery/bloomberg-remarks/,[]
https://www.youtube.com/embed/FmH-l4MzWQc,200,OK,https://nyccivilrightshistory.org/gallery/bloomberg-remarks/,[]
https://oac.cdlib.org/view?docId=hb9v19p0k9;NAAN=13030&doc.view=frames&chunk.id=div00059&toc.depth=1&toc.id=0&brand=oac4,200,OK,https://nyccivilrightshistory.org/gallery/judy-heumann-oral-history/,[]
https://nyccivilrightshistory.org/topics/who-governs-schools/mayoral-control,200,OK,https://nyccivilrightshistory.org/gallery/bloomberg-remarks/,[]
https://nyccivilrightshistory.org/gallery/bloomberg-remarks,200,OK,https://nyccivilrightshistory.org/gallery/bloomberg-remarks/,[]
https://www.c-span.org/video/?303798-2/mayor-bloomberg-remarks-education-reform,200,OK,https://nyccivilrightshistory.org/gallery/bloomberg-remarks/,[]
https://nyccivilrightshistory.org/images/interview-with-jitu-weusi.jpg,200,OK,https://nyccivilrightshistory.org/gallery/interview-with-jitu-weusi/,[]
https://www.youtube.com/embed/oL12PTkPwRY?si=S5yQHEN3nMLcBA0x&amp;start=30,200,OK,https://nyccivilrightshistory.org/gallery/interview-with-jitu-weusi/,[]
https://www.sunrisesintheeast.com/,200,OK,https://nyccivilrightshistory.org/gallery/interview-with-jitu-weusi/,[]
https://www.schoolcolorspodcast.com/episodes/episode-4-agitate-educate-organize,404,BROKEN,https://nyccivilrightshistory.org/gallery/interview-with-jitu-weusi/,
https://nyccivilrightshistory.org/gallery/interview-with-jitu-weusi,200,OK,https://nyccivilrightshistory.org/gallery/interview-with-jitu-weusi/,[]
https://nyccivilrightshistory.org/images/women-of-the-young-lords-party.jpg,200,OK,https://nyccivilrightshistory.org/gallery/women-of-the-young-lords-party/,[]
https://www.youtube.com/embed/aPyn9JBOSOM,200,OK,https://nyccivilrightshistory.org/gallery/women-of-the-young-lords-party/,[]
https://judithheumann.com/project/about/,200,OK,https://nyccivilrightshistory.org/gallery/judy-heumann-oral-history/,[]
https://nyccivilrightshistory.org/gallery/women-of-the-young-lords-party,200,OK,https://nyccivilrightshistory.org/gallery/women-of-the-young-lords-party/,[]
https://nyccivilrightshistory.org/images/interview-with-joel-klein.jpg,200,OK,https://nyccivilrightshistory.org/gallery/interview-with-joel-klein/,[]
https://www.youtube.com/embed/gqyqeiD8ugQ,200,OK,https://nyccivilrightshistory.org/gallery/interview-with-joel-klein/,[]
https://www.youtube.com/watch?v=oL12PTkPwRY%20%28:30-6:03%29,200,OK,https://nyccivilrightshistory.org/gallery/interview-with-jitu-weusi/,[]
https://nyccivilrightshistory.org/gallery/interview-with-joel-klein,200,OK,https://nyccivilrightshistory.org/gallery/interview-with-joel-klein/,[]
https://youtu.be/xLs4dsG4DQc?t=1204,200,OK,https://nyccivilrightshistory.org/gallery/women-of-the-young-lords-party/,[]
https://www.schoolcolorspodcast.com/season-1/episode-6-mo-charters-mo-problems,200,OK,https://nyccivilrightshistory.org/gallery/mo-charters/,[]
https://embed.podcasts.apple.com/us/podcast/s2-e6-below-liberty/id1442892516?i=1000588142829,200,OK,https://nyccivilrightshistory.org/gallery/mo-charters/,[]
https://nyccivilrightshistory.org/gallery/mo-charters,200,OK,https://nyccivilrightshistory.org/gallery/mo-charters/,[]
https://nyccivilrightshistory.org/images/thomas-samuels-interview.jpg,200,OK,https://nyccivilrightshistory.org/gallery/thomas-samuels-interview/,[]
https://storymaps.arcgis.com/stories/6c2a1290209a4f0080a5acc3e286e314,200,OK,https://nyccivilrightshistory.org/gallery/thomas-samuels-interview/,[]
https://www.youtube.com/embed/SYvK9U1bpts,200,OK,https://nyccivilrightshistory.org/gallery/thomas-samuels-interview/,[]
https://nyccivilrightshistory.org/gallery/thomas-samuels-interview,200,OK,https://nyccivilrightshistory.org/gallery/thomas-samuels-interview/,[]
https://nyccivilrightshistory.org/images/rev-malika-leigh-whitney.jpg,200,OK,https://nyccivilrightshistory.org/gallery/rev-malika-leigh-whitney/,[]
https://www.thegrandparentsstorylab.org/double-dutch-dreamz,200,OK,https://nyccivilrightshistory.org/gallery/rev-malika-leigh-whitney/,[]
https://www.youtube.com/embed/1tk8nMtvVa0,200,OK,https://nyccivilrightshistory.org/gallery/rev-malika-leigh-whitney/,[]
https://nyccivilrightshistory.org/images/lateef-mcleod.jpg,200,OK,https://nyccivilrightshistory.org/gallery/lateef-mcleod/,[]
https://www.youtube.com/watch?v=gqyqeiD8ugQ,200,OK,https://nyccivilrightshistory.org/gallery/interview-with-joel-klein/,[]
https://nyccivilrightshistory.org/gallery/rev-malika-leigh-whitney,200,OK,https://nyccivilrightshistory.org/gallery/rev-malika-leigh-whitney/,[]
https://www.youtube.com/embed/xG7gDiXWguI,200,OK,https://nyccivilrightshistory.org/gallery/lateef-mcleod/,[]
https://nyccivilrightshistory.org/gallery/lateef-mcleod,200,OK,https://nyccivilrightshistory.org/gallery/lateef-mcleod/,[]
https://nyccivilrightshistory.org/images/dayniah-manderson.jpg,200,OK,https://nyccivilrightshistory.org/gallery/dayniah-manderson/,[]
https://disabledinaction.org/heumann.html,200,OK,https://nyccivilrightshistory.org/gallery/judy-heumann-oral-history/,[]
https://nyccivilrightshistory.org/gallery/daniyah-manderson.%22,404,BROKEN,https://nyccivilrightshistory.org/gallery/dayniah-manderson/,
https://nyccivilrightshistory.org/images/willie-mae-goodman.jpg,200,OK,https://nyccivilrightshistory.org/gallery/willie-mae-goodman/,[]
https://www.youtube.com/embed/4pXVf4xWjWY,200,OK,https://nyccivilrightshistory.org/gallery/willie-mae-goodman/,[]
https://nyccivilrightshistory.org/gallery/willie-mae-goodman,200,OK,https://nyccivilrightshistory.org/gallery/willie-mae-goodman/,[]
https://nyccivilrightshistory.org/images/mark-twain-school-performance-dashboard.jpg,200,OK,https://nyccivilrightshistory.org/gallery/mark-twain-school-performance-dashboard/,[]
https://dayniahmanderson.com/about-dayniah,404,BROKEN,https://nyccivilrightshistory.org/gallery/dayniah-manderson/,
https://nyccivilrightshistory.org/topics/how-did-nyc-segregate/mark-twain-today,200,OK,https://nyccivilrightshistory.org/gallery/mark-twain-school-performance-dashboard/,[]
https://www.nytimes.com/2023/06/02/nyregion/stuyvesant-high-school-black-students.html,403,BROKEN,https://nyccivilrightshistory.org/gallery/mark-twain-school-performance-dashboard/,
https://nyccivilrightshistory.org/gallery/mark-twain-school-performance-dashboard,200,OK,https://nyccivilrightshistory.org/gallery/mark-twain-school-performance-dashboard/,[]
https://www.edweek.org/teaching-learning/opinion-dont-teach-black-history-without-joy/2021/02,200,OK,https://nyccivilrightshistory.org/topics/joyful-struggle/,[]
https://nmaahc.si.edu/explore/stories/black-joy-resistance-resilience-and-reclamation,403,BROKEN,https://nyccivilrightshistory.org/topics/joyful-struggle/,
https://nyccivilrightshistory.org/images/brownies-1_hu_c921b7b68237a02b.jpg,200,OK,https://nyccivilrightshistory.org/topics/joyful-struggle/,[]
https://nyccivilrightshistory.org/images/club-borinquen_hu_acdcafc93a98f04c.jpg,200,OK,https://nyccivilrightshistory.org/topics/joyful-struggle/,[]
https://nyccivilrightshistory.org/images/thomas-samuels-interview_hu_9457356f64c1efa.jpg,200,OK,https://nyccivilrightshistory.org/topics/joyful-struggle/,[]
https://nyccivilrightshistory.org/images/baseball_hu_2134756fa8abe109.jpg,200,OK,https://nyccivilrightshistory.org/topics/joyful-struggle/,[]
https://nyccivilrightshistory.org/images/history-double-dutch_hu_e8463b5a3af163a2.jpg,200,OK,https://nyccivilrightshistory.org/topics/joyful-struggle/,[]
https://catapult.co/stories/the-beauty-of-spaces-created-for-and-by-disabled-people,200,OK,https://nyccivilrightshistory.org/topics/joyful-struggle/,[]
https://www.youtube.com/watch?v=lyRxyxehgQk&t=348s,200,OK,https://nyccivilrightshistory.org/gallery/lateef-mcleod/,[]
https://nyccivilrightshistory.org/topics/joyful-struggle/deaf-social-spaces/ps47/,200,OK,https://nyccivilrightshistory.org/topics/joyful-struggle/,[]
https://nyccivilrightshistory.org/topics/joyful-struggle/brownies-book/brownies-1/,200,OK,https://nyccivilrightshistory.org/topics/joyful-struggle/,[]
https://youtu.be/hInnet2nXaA,200,OK,https://nyccivilrightshistory.org/gallery/willie-mae-goodman/,[]
https://nyccivilrightshistory.org/topics/joyful-struggle/brownies-book/brownies-2/,200,OK,https://nyccivilrightshistory.org/topics/joyful-struggle/,[]
https://nyccivilrightshistory.org/topics/joyful-struggle/brownies-book/brownies-3/,200,OK,https://nyccivilrightshistory.org/topics/joyful-struggle/,[]
https://nyccivilrightshistory.org/topics/joyful-struggle/ben-franklin-hs/children-campaign/,200,OK,https://nyccivilrightshistory.org/topics/joyful-struggle/,[]
https://nyccivilrightshistory.org/topics/joyful-struggle/ben-franklin-hs/school-housing-program/,200,OK,https://nyccivilrightshistory.org/topics/joyful-struggle/,[]
https://nyccivilrightshistory.org/topics/joyful-struggle/ben-franklin-hs/club-borinquen/,200,OK,https://nyccivilrightshistory.org/topics/joyful-struggle/,[]
https://nyccivilrightshistory.org/topics/joyful-struggle/camp-jened/real-camping-for-handicapped/,200,OK,https://nyccivilrightshistory.org/topics/joyful-struggle/,[]
https://nyccivilrightshistory.org/topics/joyful-struggle/camp-jened/memorandum-to-counselors/,200,OK,https://nyccivilrightshistory.org/topics/joyful-struggle/,[]
https://nyccivilrightshistory.org/topics/joyful-struggle/camp-jened/scholarships-to-handicapped-adults/,200,OK,https://nyccivilrightshistory.org/topics/joyful-struggle/,[]
https://nyccivilrightshistory.org/topics/joyful-struggle/camp-jened/baseball/,200,OK,https://nyccivilrightshistory.org/topics/joyful-struggle/,[]
https://nyccivilrightshistory.org/topics/joyful-struggle/double-dutch/double-dutch-tournament/,200,OK,https://nyccivilrightshistory.org/topics/joyful-struggle/,[]
https://nyccivilrightshistory.org/topics/joyful-struggle/camp-jened/reflections-1967/,200,OK,https://nyccivilrightshistory.org/topics/joyful-struggle/,[]
https://nyccivilrightshistory.org/topics/joyful-struggle/double-dutch/sculpture-by-john-ahearn/,200,OK,https://nyccivilrightshistory.org/topics/joyful-struggle/,[]
https://nyccivilrightshistory.org/topics/joyful-struggle/double-dutch/history-double-dutch/,200,OK,https://nyccivilrightshistory.org/topics/joyful-struggle/,[]
https://nyccivilrightshistory.org/topics/joyful-struggle/double-dutch/rev-malika-leigh-whitney/,200,OK,https://nyccivilrightshistory.org/topics/joyful-struggle/,[]
https://nyccivilrightshistory.org/topics/joyful-struggle/camp-jened/disability-independence-day-march/,200,OK,https://nyccivilrightshistory.org/topics/joyful-struggle/,[]
https://nyccivilrightshistory.org/images/holc-map_hu_3fd48ad9b26e50a8.jpg,200,OK,https://nyccivilrightshistory.org/topics/how-did-nyc-segregate,[]
https://nyccivilrightshistory.org/topics/how-did-nyc-segregate/housing-policies-patterns/,200,OK,https://nyccivilrightshistory.org/topics/how-did-nyc-segregate,[]
https://nyccivilrightshistory.org/topics/how-did-nyc-segregate/school-zones/,200,OK,https://nyccivilrightshistory.org/topics/how-did-nyc-segregate,[]
https://nyccivilrightshistory.org/images/district-21-population-maps_hu_c08b94dfe57b367b.jpg,200,OK,https://nyccivilrightshistory.org/topics/how-did-nyc-segregate,[]
https://nyccivilrightshistory.org/images/the-controversial-moynihan-report_hu_81ed7422fc196dbb.jpg,200,OK,https://nyccivilrightshistory.org/topics/how-did-nyc-segregate,[]
https://nyccivilrightshistory.org/images/mark-twain-on-51st-state-3_hu_3af5675c0d97c848.jpg,200,OK,https://nyccivilrightshistory.org/topics/how-did-nyc-segregate,[]
https://civilrightsproject.ucla.edu/research/k-12-education/integration-and-diversity/ny-norflet-report-placeholder,200,OK,https://nyccivilrightshistory.org/topics/how-did-nyc-segregate,[]
https://www.civilrightsproject.ucla.edu/research/k-12-education/integration-and-diversity/nyc-school-segregation-report-card-still-last-action-needed-now,200,OK,https://nyccivilrightshistory.org/topics/how-did-nyc-segregate,[]
https://nyccivilrightshistory.org/images/clark-hits-integration-plan_hu_6056674a6e8aeef5.jpg,200,OK,https://nyccivilrightshistory.org/topics/how-did-nyc-segregate,[]
https://nyccivilrightshistory.org/topics/how-did-nyc-segregate/school-governance-democratic-control/,200,OK,https://nyccivilrightshistory.org/topics/how-did-nyc-segregate,[]
https://nyccivilrightshistory.org/images/mark-twain-school-performance-dashboard_hu_2a13dc625d3a5402.jpg,200,OK,https://nyccivilrightshistory.org/topics/how-did-nyc-segregate,[]
https://nyccivilrightshistory.org/topics/how-did-nyc-segregate/racist-ableist-ideas/binet-simon/,200,OK,https://nyccivilrightshistory.org/topics/how-did-nyc-segregate,[]
https://nyccivilrightshistory.org/topics/how-did-nyc-segregate/mark-twain-today/,200,OK,https://nyccivilrightshistory.org/topics/how-did-nyc-segregate,[]
https://nyccivilrightshistory.org/topics/how-did-nyc-segregate/racist-ableist-ideas/race-intelligence/,200,OK,https://nyccivilrightshistory.org/topics/how-did-nyc-segregate,[]
https://nyccivilrightshistory.org/topics/how-did-nyc-segregate/housing-policies-patterns/holc-map/,200,OK,https://nyccivilrightshistory.org/topics/how-did-nyc-segregate,[]
https://nyccivilrightshistory.org/topics/how-did-nyc-segregate/housing-policies-patterns/underwriting-manual/,200,OK,https://nyccivilrightshistory.org/topics/how-did-nyc-segregate,[]
https://nyccivilrightshistory.org/topics/how-did-nyc-segregate/tests-labels-discipline/jim-crow-school-kids/,200,OK,https://nyccivilrightshistory.org/topics/how-did-nyc-segregate,[]
https://nyccivilrightshistory.org/topics/how-did-nyc-segregate/racist-ableist-ideas/moynihan-on-the-negro-family/,200,OK,https://nyccivilrightshistory.org/topics/how-did-nyc-segregate,[]
https://nyccivilrightshistory.org/topics/how-did-nyc-segregate/racist-ableist-ideas/the-controversial-moynihan-report/,200,OK,https://nyccivilrightshistory.org/topics/how-did-nyc-segregate,[]
https://nyccivilrightshistory.org/topics/how-did-nyc-segregate/racist-ableist-ideas/real-message-of-the-moynihan-report/,200,OK,https://nyccivilrightshistory.org/topics/how-did-nyc-segregate,[]
https://nyccivilrightshistory.org/topics/how-did-nyc-segregate/school-zones/district-21-population-maps/,200,OK,https://nyccivilrightshistory.org/topics/how-did-nyc-segregate,[]
https://nyccivilrightshistory.org/topics/how-did-nyc-segregate/tests-labels-discipline/600-schools-yesterday-today-tomorrow/,200,OK,https://nyccivilrightshistory.org/topics/how-did-nyc-segregate,[]
https://nyccivilrightshistory.org/topics/how-did-nyc-segregate/housing-policies-patterns/mark-twain-on-51st-state-1/,200,OK,https://nyccivilrightshistory.org/topics/how-did-nyc-segregate,[]
https://nyccivilrightshistory.org/topics/how-did-nyc-segregate/tests-labels-discipline/mark-twain-on-51st-state-3/,200,OK,https://nyccivilrightshistory.org/topics/how-did-nyc-segregate,[]
https://nyccivilrightshistory.org/topics/how-did-nyc-segregate/racist-ableist-ideas/mark-twain-on-51st-state-2/,200,OK,https://nyccivilrightshistory.org/topics/how-did-nyc-segregate,[]
https://nyccivilrightshistory.org/topics/how-did-nyc-segregate/school-governance-democratic-control/mark-twain-on-51st-state-4/,200,OK,https://nyccivilrightshistory.org/topics/how-did-nyc-segregate,[]
https://nyccivilrightshistory.org/topics/how-did-nyc-segregate/school-zones/hart-v-community-school-board-21-1/,200,OK,https://nyccivilrightshistory.org/topics/how-did-nyc-segregate,[]
https://nyccivilrightshistory.org/topics/how-did-nyc-segregate/school-zones/hart-v-community-school-board-21-2/,200,OK,https://nyccivilrightshistory.org/topics/how-did-nyc-segregate,[]
https://nyccivilrightshistory.org/topics/how-did-nyc-segregate/school-governance-democratic-control/clark-hits-integration-plan/,200,OK,https://nyccivilrightshistory.org/topics/how-did-nyc-segregate,[]
https://nyccivilrightshistory.org/topics/how-did-nyc-segregate/tests-labels-discipline/hew-report/,200,OK,https://nyccivilrightshistory.org/topics/how-did-nyc-segregate,[]
https://nyccivilrightshistory.org/topics/how-did-nyc-segregate/tests-labels-discipline/the-man-who-could-fly/,200,OK,https://nyccivilrightshistory.org/topics/how-did-nyc-segregate,[]
https://nyccivilrightshistory.org/topics/how-did-nyc-segregate/tests-labels-discipline/ny-hotline-special-ed-1/,200,OK,https://nyccivilrightshistory.org/topics/how-did-nyc-segregate,[]
https://nyccivilrightshistory.org/topics/how-did-nyc-segregate/mark-twain-today/mark-twain-school-performance-dashboard/,200,OK,https://nyccivilrightshistory.org/topics/how-did-nyc-segregate,[]
https://nyccivilrightshistory.org/topics/seeking-equity-for-disabled-students/,200,OK,https://nyccivilrightshistory.org/topics/seeking-equity-for-disabled-students,[]
https://nyccivilrightshistory.org/images/idiot-school-randalls-island_hu_8d633383791faa4b.jpg,200,OK,https://nyccivilrightshistory.org/topics/seeking-equity-for-disabled-students,[]
https://nyccivilrightshistory.org/images/first-billboard_hu_efa8b28849039079.jpg,200,OK,https://nyccivilrightshistory.org/topics/seeking-equity-for-disabled-students,[]
https://nyccivilrightshistory.org/images/binet-simon_hu_ae984d9e8f0b682.jpg,200,OK,https://nyccivilrightshistory.org/topics/seeking-equity-for-disabled-students,[]
https://nyccivilrightshistory.org/topics/seeking-equity-for-disabled-students/disability-incarceration/,200,OK,https://nyccivilrightshistory.org/topics/seeking-equity-for-disabled-students,[]
https://nyccivilrightshistory.org/images/chart-of-inmates_hu_a207d84d4f7eda59.jpg,200,OK,https://nyccivilrightshistory.org/topics/seeking-equity-for-disabled-students,[]
https://nyccivilrightshistory.org/topics/seeking-equity-for-disabled-students/beginnings-of-special-ed/ny-institute-for-deaf/,200,OK,https://nyccivilrightshistory.org/topics/seeking-equity-for-disabled-students,[]
https://nyccivilrightshistory.org/topics/seeking-equity-for-disabled-students/beginnings-of-special-ed/blackwells-island/,200,OK,https://nyccivilrightshistory.org/topics/seeking-equity-for-disabled-students,[]
https://nyccivilrightshistory.org/topics/seeking-equity-for-disabled-students/beginnings-of-special-ed/idiot-school-randalls-island/,200,OK,https://nyccivilrightshistory.org/topics/seeking-equity-for-disabled-students,[]
https://nyccivilrightshistory.org/topics/seeking-equity-for-disabled-students/beginnings-of-special-ed/map-nyc-islands/,200,OK,https://nyccivilrightshistory.org/topics/seeking-equity-for-disabled-students,[]
https://nyccivilrightshistory.org/topics/seeking-equity-for-disabled-students/right-to-communicate/ps47/,200,OK,https://nyccivilrightshistory.org/topics/seeking-equity-for-disabled-students,[]
https://nyccivilrightshistory.org/topics/seeking-equity-for-disabled-students/beginnings-of-special-ed/elizabeth-farrell/,200,OK,https://nyccivilrightshistory.org/topics/seeking-equity-for-disabled-students,[]
https://nyccivilrightshistory.org/topics/seeking-equity-for-disabled-students/beginnings-of-special-ed/nyc-schools-what-they-cost/,200,OK,https://nyccivilrightshistory.org/topics/seeking-equity-for-disabled-students,[]
https://nyccivilrightshistory.org/topics/seeking-equity-for-disabled-students/right-to-communicate/keller-ny-point/,200,OK,https://nyccivilrightshistory.org/topics/seeking-equity-for-disabled-students,[]
https://nyccivilrightshistory.org/topics/seeking-equity-for-disabled-students/tests-labels-and-segregation/feeble-minded-in-ny/,200,OK,https://nyccivilrightshistory.org/topics/seeking-equity-for-disabled-students,[]
https://nyccivilrightshistory.org/topics/seeking-equity-for-disabled-students/disability-incarceration/delinquent-girls/,200,OK,https://nyccivilrightshistory.org/topics/seeking-equity-for-disabled-students,[]
https://nyccivilrightshistory.org/topics/seeking-equity-for-disabled-students/tests-labels-and-segregation/binet-simon/,200,OK,https://nyccivilrightshistory.org/topics/seeking-equity-for-disabled-students,[]
https://nyccivilrightshistory.org/topics/seeking-equity-for-disabled-students/tests-labels-and-segregation/army-test/,200,OK,https://nyccivilrightshistory.org/topics/seeking-equity-for-disabled-students,[]
https://nyccivilrightshistory.org/topics/seeking-equity-for-disabled-students/tests-labels-and-segregation/race-intelligence/,200,OK,https://nyccivilrightshistory.org/topics/seeking-equity-for-disabled-students,[]
https://nyccivilrightshistory.org/topics/seeking-equity-for-disabled-students/tests-labels-and-segregation/jim-crow-school-kids/,200,OK,https://nyccivilrightshistory.org/topics/seeking-equity-for-disabled-students,[]
https://nyccivilrightshistory.org/topics/seeking-equity-for-disabled-students/disability-incarceration/chart-of-inmates/,200,OK,https://nyccivilrightshistory.org/topics/seeking-equity-for-disabled-students,[]
https://nyccivilrightshistory.org/topics/seeking-equity-for-disabled-students/physical-access/survey-of-cripples/,200,OK,https://nyccivilrightshistory.org/topics/seeking-equity-for-disabled-students,[]
https://nyccivilrightshistory.org/topics/seeking-equity-for-disabled-students/parents-movement-deinstitutionalization/we-kept-our-child-at-home/,200,OK,https://nyccivilrightshistory.org/topics/seeking-equity-for-disabled-students,[]
https://nyccivilrightshistory.org/topics/seeking-equity-for-disabled-students/parents-movement-deinstitutionalization/first-billboard/,200,OK,https://nyccivilrightshistory.org/topics/seeking-equity-for-disabled-students,[]
https://nyccivilrightshistory.org/topics/seeking-equity-for-disabled-students/disability-incarceration/boycott-hits-problem-school/,200,OK,https://nyccivilrightshistory.org/topics/seeking-equity-for-disabled-students,[]
https://nyccivilrightshistory.org/topics/seeking-equity-for-disabled-students/disability-incarceration/600-schools-yesterday-today-tomorrow/,200,OK,https://nyccivilrightshistory.org/topics/seeking-equity-for-disabled-students,[]
https://nyccivilrightshistory.org/topics/seeking-equity-for-disabled-students/right-to-communicate/educational-needs-of-the-puerto-rican-child/,200,OK,https://nyccivilrightshistory.org/topics/seeking-equity-for-disabled-students,[]
https://nyccivilrightshistory.org/topics/seeking-equity-for-disabled-students/parents-movement-deinstitutionalization/bernard-carabello/,200,OK,https://nyccivilrightshistory.org/topics/seeking-equity-for-disabled-students,[]
https://nyccivilrightshistory.org/topics/seeking-equity-for-disabled-students/disability-incarceration/hew-report/,200,OK,https://nyccivilrightshistory.org/topics/seeking-equity-for-disabled-students,[]
https://nyccivilrightshistory.org/topics/seeking-equity-for-disabled-students/parents-movement-deinstitutionalization/mom-worthy-opponent-for-state/,200,OK,https://nyccivilrightshistory.org/topics/seeking-equity-for-disabled-students,[]
https://nyccivilrightshistory.org/topics/seeking-equity-for-disabled-students/parents-movement-deinstitutionalization/jose-p-vs-ambach/,200,OK,https://nyccivilrightshistory.org/topics/seeking-equity-for-disabled-students,[]
https://nyccivilrightshistory.org/topics/seeking-equity-for-disabled-students/parents-movement-deinstitutionalization/parents-protest-for-school-transportation/,200,OK,https://nyccivilrightshistory.org/topics/seeking-equity-for-disabled-students,[]
https://nyccivilrightshistory.org/topics/seeking-equity-for-disabled-students/right-to-communicate/lexington-school-for-deaf/,200,OK,https://nyccivilrightshistory.org/topics/seeking-equity-for-disabled-students,[]
https://nyccivilrightshistory.org/topics/seeking-equity-for-disabled-students/tests-labels-and-segregation/ny-hotline-special-ed-1/,200,OK,https://nyccivilrightshistory.org/topics/seeking-equity-for-disabled-students,[]
https://nyccivilrightshistory.org/topics/seeking-equity-for-disabled-students/tests-labels-and-segregation/ny-hotline-special-ed-2/,200,OK,https://nyccivilrightshistory.org/topics/seeking-equity-for-disabled-students,[]
https://nyccivilrightshistory.org/topics/seeking-equity-for-disabled-students/physical-access/judy-heumann-oral-history/,200,OK,https://nyccivilrightshistory.org/topics/seeking-equity-for-disabled-students,[]
https://nyccivilrightshistory.org/topics/seeking-equity-for-disabled-students/right-to-communicate/thomas-samuels-interview/,200,OK,https://nyccivilrightshistory.org/topics/seeking-equity-for-disabled-students,[]
https://whybusingfailed.com/,0,BROKEN,https://nyccivilrightshistory.org/topics/boycotting-ny-schools/,
https://nyccivilrightshistory.org/topics/seeking-equity-for-disabled-students/lateef-mcleod/,200,OK,https://nyccivilrightshistory.org/topics/seeking-equity-for-disabled-students,[]
https://www.civilrightsproject.ucla.edu/research/k-12-education/integration-and-diversity/ny-norflet-report-placeholder/Kucsera-New-York-Extreme-Segregation-2014.pdf,404,BROKEN,https://nyccivilrightshistory.org/topics/boycotting-ny-schools/,
https://nyccivilrightshistory.org/topics/seeking-equity-for-disabled-students/physical-access/dayniah-manderson/,200,OK,https://nyccivilrightshistory.org/topics/seeking-equity-for-disabled-students,[]
https://nyccivilrightshistory.org/topics/boycotting-ny-schools/organizing-direct-action/,200,OK,https://nyccivilrightshistory.org/topics/boycotting-ny-schools/,[]
https://nyccivilrightshistory.org/key-concepts/10,200,OK,https://nyccivilrightshistory.org/topics/boycotting-ny-schools/,[]
https://nyccivilrightshistory.org/images/life-magazine-cover_hu_2e419b9f1a786bb9.jpg,200,OK,https://nyccivilrightshistory.org/topics/boycotting-ny-schools/,[]
https://nyccivilrightshistory.org/topics/boycotting-ny-schools/youth-organizing/,200,OK,https://nyccivilrightshistory.org/topics/boycotting-ny-schools/,[]
https://nyccivilrightshistory.org/images/naacp-youth-council_hu_a776d6a62d347531.jpg,200,OK,https://nyccivilrightshistory.org/topics/boycotting-ny-schools/,[]
https://nyccivilrightshistory.org/topics/boycotting-ny-schools/white-liberal-resistance/,200,OK,https://nyccivilrightshistory.org/topics/boycotting-ny-schools/,[]
https://nyccivilrightshistory.org/images/white-queens-mothers-protest-desegregation_hu_f69d111f4e4db648.jpg,200,OK,https://nyccivilrightshistory.org/topics/boycotting-ny-schools/,[]
https://nyccivilrightshistory.org/topics/boycotting-ny-schools/responding-to-the-boycott/,200,OK,https://nyccivilrightshistory.org/topics/boycotting-ny-schools/,[]
https://nyccivilrightshistory.org/images/malcolm-x-in-support-of-boycott_hu_88ec2322a4de5c1a.jpg,200,OK,https://nyccivilrightshistory.org/topics/boycotting-ny-schools/,[]
https://nyccivilrightshistory.org/images/black-panthers-1_hu_6bbb64cdcb972492.jpg,200,OK,https://nyccivilrightshistory.org/topics/boycotting-ny-schools/,[]
https://nyccivilrightshistory.org/topics/boycotting-ny-schools/youth-organizing/naacp-youth-council/,200,OK,https://nyccivilrightshistory.org/topics/boycotting-ny-schools/,[]
https://nyccivilrightshistory.org/topics/boycotting-ny-schools/organizing-direct-action/brotherhood-of-sleeping-car-porters/,200,OK,https://nyccivilrightshistory.org/topics/boycotting-ny-schools/,[]
https://nyccivilrightshistory.org/topics/boycotting-ny-schools/youth-organizing/check-your-school-questionnaire/,200,OK,https://nyccivilrightshistory.org/topics/boycotting-ny-schools/,[]
https://nyccivilrightshistory.org/topics/boycotting-ny-schools/white-liberal-resistance/white-queens-mothers-protest-desegregation/,200,OK,https://nyccivilrightshistory.org/topics/boycotting-ny-schools/,[]
https://nyccivilrightshistory.org/topics/boycotting-ny-schools/white-liberal-resistance/subcommittee-on-zoning/,200,OK,https://nyccivilrightshistory.org/topics/boycotting-ny-schools/,[]
https://nyccivilrightshistory.org/topics/boycotting-ny-schools/organizing-direct-action/letter-to-president-kennedy/,200,OK,https://nyccivilrightshistory.org/topics/boycotting-ny-schools/,[]
https://nyccivilrightshistory.org/topics/boycotting-ny-schools/organizing-direct-action/life-magazine-cover/,200,OK,https://nyccivilrightshistory.org/topics/boycotting-ny-schools/,[]
https://nyccivilrightshistory.org/topics/boycotting-ny-schools/1965-boycott/shoe-shine-boys/,200,OK,https://nyccivilrightshistory.org/topics/boycotting-ny-schools/,[]
https://nyccivilrightshistory.org/topics/boycotting-ny-schools/1964-boycotts/why-the-school-boycott/,200,OK,https://nyccivilrightshistory.org/topics/boycotting-ny-schools/,[]
https://nyccivilrightshistory.org/topics/boycotting-ny-schools/white-liberal-resistance/a-boycott-solves-nothing/,200,OK,https://nyccivilrightshistory.org/topics/boycotting-ny-schools/,[]
https://nyccivilrightshistory.org/topics/boycotting-ny-schools/1964-boycotts/freedom-day-march/,200,OK,https://nyccivilrightshistory.org/topics/boycotting-ny-schools/,[]
https://nyccivilrightshistory.org/topics/boycotting-ny-schools/1964-boycotts/change-the-status-crow/,200,OK,https://nyccivilrightshistory.org/topics/boycotting-ny-schools/,[]
https://nyccivilrightshistory.org/topics/boycotting-ny-schools/1964-boycotts/puerto-rican-civil-rights-march/,200,OK,https://nyccivilrightshistory.org/topics/boycotting-ny-schools/,[]
https://nyccivilrightshistory.org/topics/boycotting-ny-schools/responding-to-the-boycott/parents-and-taxpayers-march/,200,OK,https://nyccivilrightshistory.org/topics/boycotting-ny-schools/,[]
https://nyccivilrightshistory.org/topics/boycotting-ny-schools/responding-to-the-boycott/malcolm-x-in-support-of-boycott/,200,OK,https://nyccivilrightshistory.org/topics/boycotting-ny-schools/,[]
https://nyccivilrightshistory.org/topics/boycotting-ny-schools/youth-organizing/freedom-school-lesson-plan/,200,OK,https://nyccivilrightshistory.org/topics/boycotting-ny-schools/,[]
https://nyccivilrightshistory.org/topics/boycotting-ny-schools/responding-to-the-boycott/dr-king-on-school-boycott-concept/,200,OK,https://nyccivilrightshistory.org/topics/boycotting-ny-schools/,[]
https://nyccivilrightshistory.org/topics/boycotting-ny-schools/1964-boycotts/milton-galamison/,200,OK,https://nyccivilrightshistory.org/topics/boycotting-ny-schools/,[]
https://nyccivilrightshistory.org/topics/boycotting-ny-schools/responding-to-the-boycott/title-iv-civil-rights-act/,200,OK,https://nyccivilrightshistory.org/topics/boycotting-ny-schools/,[]
https://nyccivilrightshistory.org/topics/boycotting-ny-schools/responding-to-the-boycott/parents-and-taxpayers-protest/,200,OK,https://nyccivilrightshistory.org/topics/boycotting-ny-schools/,[]
https://nyccivilrightshistory.org/topics/boycotting-ny-schools/1965-boycott/boycott-hits-problem-school/,200,OK,https://nyccivilrightshistory.org/topics/boycotting-ny-schools/,[]
https://nyccivilrightshistory.org/topics/boycotting-ny-schools/1965-boycott/the-1965-boycott/,200,OK,https://nyccivilrightshistory.org/topics/boycotting-ny-schools/,[]
https://nyccivilrightshistory.org/topics/boycotting-ny-schools/black-panthers/black-panthers-2/,200,OK,https://nyccivilrightshistory.org/topics/boycotting-ny-schools/,[]
https://nyccivilrightshistory.org/topics/boycotting-ny-schools/black-panthers/black-panthers-1/,200,OK,https://nyccivilrightshistory.org/topics/boycotting-ny-schools/,[]
https://nyccivilrightshistory.org/topics/boycotting-ny-schools/organizing-direct-action/bayard-rustin/,200,OK,https://nyccivilrightshistory.org/topics/boycotting-ny-schools/,[]
https://nyccivilrightshistory.org/topics/boycotting-ny-schools/1965-boycott/the-man-who-could-fly/,200,OK,https://nyccivilrightshistory.org/topics/boycotting-ny-schools/,[]
https://nyccivilrightshistory.org/topics/who-governs-schools/,200,OK,https://nyccivilrightshistory.org/topics/who-governs-schools,[]
https://nyccivilrightshistory.org/images/who-governs.jpg,200,OK,https://nyccivilrightshistory.org/topics/who-governs-schools,[]
https://nyccivilrightshistory.org/images/grammar-school-33_hu_135bf51099d9e9b7.jpg,200,OK,https://nyccivilrightshistory.org/topics/who-governs-schools,[]
https://nyccivilrightshistory.org/images/community-control-march_hu_d6e0ca402cc92982.jpg,200,OK,https://nyccivilrightshistory.org/topics/who-governs-schools,[]
https://nyccivilrightshistory.org/images/la-escuela-bilingue_hu_33a086f9c84439ef.jpg,200,OK,https://nyccivilrightshistory.org/topics/who-governs-schools,[]
https://nyccivilrightshistory.org/images/bloomberg-remarks_hu_7af1cc2e74137387.jpg,200,OK,https://nyccivilrightshistory.org/topics/who-governs-schools,[]
https://nyccivilrightshistory.org/topics/who-governs-schools/masses-to-experts/grammar-school-33/,200,OK,https://nyccivilrightshistory.org/topics/who-governs-schools,[]
https://nyccivilrightshistory.org/topics/who-governs-schools/masses-to-experts/first-patriotic-election/,200,OK,https://nyccivilrightshistory.org/topics/who-governs-schools,[]
https://nyccivilrightshistory.org/topics/who-governs-schools/masses-to-experts/a-days-work/,200,OK,https://nyccivilrightshistory.org/topics/who-governs-schools,[]
https://nyccivilrightshistory.org/topics/who-governs-schools/masses-to-experts/high-tide-of-immigration/,200,OK,https://nyccivilrightshistory.org/topics/who-governs-schools,[]
https://nyccivilrightshistory.org/topics/who-governs-schools/masses-to-experts/william-maxwell/,200,OK,https://nyccivilrightshistory.org/topics/who-governs-schools,[]
https://nyccivilrightshistory.org/topics/who-governs-schools/masses-to-experts/nationality-of-pupils/,200,OK,https://nyccivilrightshistory.org/topics/who-governs-schools,[]
https://nyccivilrightshistory.org/topics/who-governs-schools/masses-to-experts/harlem-riot-report/,200,OK,https://nyccivilrightshistory.org/topics/who-governs-schools,[]
https://nyccivilrightshistory.org/topics/who-governs-schools/masses-to-experts/jansen-must-go/,200,OK,https://nyccivilrightshistory.org/topics/who-governs-schools,[]
https://nyccivilrightshistory.org/topics/who-governs-schools/community-control/black-panthers-1/,200,OK,https://nyccivilrightshistory.org/topics/who-governs-schools,[]
https://nyccivilrightshistory.org/topics/who-governs-schools/community-control/teachers-demonstration/,200,OK,https://nyccivilrightshistory.org/topics/who-governs-schools,[]
https://nyccivilrightshistory.org/topics/who-governs-schools/community-control/community-control-march/,200,OK,https://nyccivilrightshistory.org/topics/who-governs-schools,[]
https://nyccivilrightshistory.org/topics/who-governs-schools/community-control/ocean-hill-brownsville-parents/,200,OK,https://nyccivilrightshistory.org/topics/who-governs-schools,[]
https://nyccivilrightshistory.org/topics/who-governs-schools/decentralization/decentralization/,200,OK,https://nyccivilrightshistory.org/topics/who-governs-schools,[]
https://nyccivilrightshistory.org/topics/who-governs-schools/community-control/malcolm-x-memorial/,200,OK,https://nyccivilrightshistory.org/topics/who-governs-schools,[]
https://nyccivilrightshistory.org/topics/who-governs-schools/community-control/fifteen-demands/,200,OK,https://nyccivilrightshistory.org/topics/who-governs-schools,[]
https://nyccivilrightshistory.org/topics/who-governs-schools/community-control/on-the-way-to-local-control/,200,OK,https://nyccivilrightshistory.org/topics/who-governs-schools,[]
https://nyccivilrightshistory.org/topics/who-governs-schools/decentralization/where-is-district-5/,200,OK,https://nyccivilrightshistory.org/topics/who-governs-schools,[]
https://nyccivilrightshistory.org/topics/who-governs-schools/community-control/june-jordan-graduation/,200,OK,https://nyccivilrightshistory.org/topics/who-governs-schools,[]
https://nyccivilrightshistory.org/topics/who-governs-schools/community-control/goldie-chu/,200,OK,https://nyccivilrightshistory.org/topics/who-governs-schools,[]
https://nyccivilrightshistory.org/topics/who-governs-schools/decentralization/la-escuela-bilingue/,200,OK,https://nyccivilrightshistory.org/topics/who-governs-schools,[]
https://nyccivilrightshistory.org/topics/who-governs-schools/decentralization/focus-on-learning/,200,OK,https://nyccivilrightshistory.org/topics/who-governs-schools,[]
https://nyccivilrightshistory.org/topics/who-governs-schools/mayoral-control/state-of-the-city/,200,OK,https://nyccivilrightshistory.org/topics/who-governs-schools,[]
https://nyccivilrightshistory.org/topics/who-governs-schools/mayoral-control/bloomberg-remarks/,200,OK,https://nyccivilrightshistory.org/topics/who-governs-schools,[]
https://nyccivilrightshistory.org/topics/who-governs-schools/mayoral-control/interview-with-jitu-weusi/,200,OK,https://nyccivilrightshistory.org/topics/who-governs-schools,[]
https://nyccivilrightshistory.org/topics/who-governs-schools/mayoral-control/interview-with-joel-klein/,200,OK,https://nyccivilrightshistory.org/topics/who-governs-schools,[]
https://nyccivilrightshistory.org/topics/who-governs-schools/mayoral-control/mo-charters/,200,OK,https://nyccivilrightshistory.org/topics/who-governs-schools,[]
https://keywords.nyupress.org/disability-studies/essay/race/,200,OK,https://nyccivilrightshistory.org/topics/black-latina-women/gouverneur-parents-association/,[]
https://nyccivilrightshistory.org/topics/seeking-equity-for-disabled-students/physical-access/,200,OK,https://nyccivilrightshistory.org/topics/seeking-equity-for-disabled-students/physical-access/sofedup-handbook/,[]
https://nyccivilrightshistory.org/topics/seeking-equity-for-disabled-students/physical-access/sofedup-handbook/topics/black-latina-women/audre-lorde-cuny/we-demand,404,BROKEN,https://nyccivilrightshistory.org/topics/seeking-equity-for-disabled-students/physical-access/sofedup-handbook/,
https://nyccivilrightshistory.org/teaching-resources/lesson-plans/disrupting-normal/,200,OK,https://nyccivilrightshistory.org/teaching-resources/lesson-plans/,[]
https://nyccivilrightshistory.org/images/sofedup-handbook_hu_5241053c10fdc3c.jpg,200,OK,https://nyccivilrightshistory.org/teaching-resources/lesson-plans/,[]
https://nyccivilrightshistory.org/teaching-resources/lesson-plans/faces-and-forms-educational-activism/,200,OK,https://nyccivilrightshistory.org/teaching-resources/lesson-plans/,[]
https://nyccivilrightshistory.org/teaching-resources/lesson-plans/fighting-for-educational-justice/,200,OK,https://nyccivilrightshistory.org/teaching-resources/lesson-plans/,[]
https://nyccivilrightshistory.org/images/viva-harlem-u_hu_7e737610d10ea46d.jpg,200,OK,https://nyccivilrightshistory.org/teaching-resources/lesson-plans/,[]
https://nyccivilrightshistory.org/teaching-resources/lesson-plans/the-young-lords/,200,OK,https://nyccivilrightshistory.org/teaching-resources/lesson-plans/,[]
https://nyccivilrightshistory.org/images/denise-oliver_hu_229b92023bdfd07c.jpg,200,OK,https://nyccivilrightshistory.org/teaching-resources/lesson-plans/,[]
https://rethinkingschools.org/articles/the-largest-civil-rights-protest-you-ve-never-heard-of/,200,OK,https://nyccivilrightshistory.org/topics/boycotting-ny-schools/,[]
https://nyccivilrightshistory.org/teaching-resources/disability-justice/,200,OK,https://nyccivilrightshistory.org/teaching-resources/disability-justice,[]
https://docs.google.com/document/d/e/2PACX-1vRWmTydD-hUmfVfuBG4_c8Rf2Qyeh523gEdVavAp29uhOB1hrxBcwxEmKwm8VqaUyzx6NMcbveOZu7L/pub,200,OK,https://nyccivilrightshistory.org/teaching-resources/semester-outline/,[]
https://www.youtube.com/watch?v=q4umn9iLsYs,200,OK,https://nyccivilrightshistory.org/topics/black-latina-women/united-bronx-parents/,[]
https://static1.squarespace.com/static/5bed3674f8370ad8c02efd9a/t/5f1f0783916d8a179c46126d/1595869064521/10_Principles_of_DJ-2ndEd.pdf,200,OK,https://nyccivilrightshistory.org/teaching-resources/additional-resources/,[]
https://www.penguinrandomhouse.com/books/646508/demystifying-disability-by-emily-ladau/,200,OK,https://nyccivilrightshistory.org/teaching-resources/additional-resources/,[]
https://docs.google.com/document/d/e/2PACX-1vTWsSzwz0-dYPWf_cNZcUqohDkavnh9IUIrNnzNig6ofHpCuyahUR4c2VLIfnN2bHBlUDGyCsOiENFO/pub?embedded=true,200,OK,https://nyccivilrightshistory.org/teaching-resources/disability-justice,[]
https://www.racepowerofanillusion.org/clips/,200,OK,https://nyccivilrightshistory.org/teaching-resources/additional-resources/,[]
https://www.flipcause.com/secure/reward_step2/OTMxNQ==/65827,404,BROKEN,https://nyccivilrightshistory.org/teaching-resources/additional-resources/,
https://docs.google.com/document/d/e/2PACX-1vRWmTydD-hUmfVfuBG4_c8Rf2Qyeh523gEdVavAp29uhOB1hrxBcwxEmKwm8VqaUyzx6NMcbveOZu7L/pub?embedded=true,200,OK,https://nyccivilrightshistory.org/teaching-resources/semester-outline/,[]
https://docs.google.com/document/d/1Nb0-Mc-SH3NmLRTBYR4GpqNFVJDAyIX7/edit,200,OK,https://nyccivilrightshistory.org/teaching-resources/additional-resources/,[]
https://www.versobooks.com/blogs/news/2482-race-racism-and-racecraft,200,OK,https://nyccivilrightshistory.org/teaching-resources/additional-resources/,[]
https://understandingrace.org/,200,OK,https://nyccivilrightshistory.org/teaching-resources/additional-resources/,[]
https://www.schoolcolorspodcast.com/,200,OK,https://nyccivilrightshistory.org/teaching-resources/additional-resources/,[]
https://nyccivilrightshistory.org/key-concepts,200,OK,https://nyccivilrightshistory.org/teaching-resources/additional-resources/,[]
https://www.learningforjustice.org/podcasts/teaching-hard-history,403,BROKEN,https://nyccivilrightshistory.org/teaching-resources/additional-resources/,
https://nyccivilrightshistory.org/topics/black-latina-women/lucile-spence/,200,OK,https://nyccivilrightshistory.org/topics/black-latina-women/lucile-spence,[]
https://integratedschools.org/podcast/s9e14-the-intersections-of-disability-race-and-segregation/,200,OK,https://nyccivilrightshistory.org/teaching-resources/additional-resources/,[]
https://nyccivilrightshistory.org/images/dr-farmer-on-mae-mallory.jpg,200,OK,https://nyccivilrightshistory.org/topics/black-latina-women/harlem-nine,[]
https://www.npr.org/transcripts/1097873098,200,OK,https://nyccivilrightshistory.org/topics/black-latina-women/cisco-resisting-segregation,[]
https://nyccivilrightshistory.org/images/dr-seniors-on-mae-mallory.jpg,200,OK,https://nyccivilrightshistory.org/topics/black-latina-women/harlem-nine,[]
https://nyccivilrightshistory.org/topics/black-latina-women/young-lords/,200,OK,https://nyccivilrightshistory.org/topics/black-latina-women/young-lords,[]
https://youtu.be/eIhNF5yHplc,200,OK,https://nyccivilrightshistory.org/topics/black-latina-women/harlem-nine,[]
https://youtu.be/CUpY_l0YrBw,200,OK,https://nyccivilrightshistory.org/topics/black-latina-women/harlem-nine,[]
https://centroca.hunter.cuny.edu/Detail/objects/25579,200,OK,https://nyccivilrightshistory.org/topics/black-latina-women/young-lords,[]
https://uncpress.org/book/9781469653440/the-young-lords/,403,BROKEN,https://nyccivilrightshistory.org/topics/black-latina-women/young-lords,
https://nyccivilrightshistory.org/topics/black-latina-women/audre-lorde-cuny/,200,OK,https://nyccivilrightshistory.org/topics/black-latina-women/audre-lorde-cuny,[]
https://lithub.com/how-audre-lordes-experience-of-breast-cancer-fortified-her-revolutionary-politics/,200,OK,https://nyccivilrightshistory.org/topics/black-latina-women/audre-lorde-cuny,[]
https://thefivedemandsfilm.com/,0,BROKEN,https://nyccivilrightshistory.org/topics/black-latina-women/audre-lorde-cuny,
https://umedia.lib.umn.edu/item/p16022coll336:2133,403,BROKEN,https://nyccivilrightshistory.org/topics/black-latina-women/lucile-spence/two-public-school-teachers/,
https://nyccivilrightshistory.org/topics/black-latina-women/lucile-spence/wadleigh-zoning-map/www.socialexplorer.com,404,BROKEN,https://nyccivilrightshistory.org/topics/black-latina-women/lucile-spence/wadleigh-zoning-map/,
https://thearcny.pastperfectonline.com/library/0C9379CC-F986-45C2-A76B-581450804872,403,BROKEN,https://nyccivilrightshistory.org/topics/black-latina-women/gouverneur-parents-association/your-child-and-willowbrook/,
https://nmaahc.si.edu/blog-post/little-rock-nine,403,BROKEN,https://nyccivilrightshistory.org/topics/black-latina-women/harlem-nine/rather-go-to-jail/,
https://digital.library.cornell.edu/catalog/ss:8329928,403,BROKEN,https://nyccivilrightshistory.org/topics/black-latina-women/harlem-nine/mae-mallory-and-daughter/,
https://vault.fbi.gov/mae-mallory,403,BROKEN,https://nyccivilrightshistory.org/topics/black-latina-women/harlem-nine/mae-mallory-and-daughter/,
https://nmaahc.si.edu/object/nmaahc_2014.109.7.10,403,BROKEN,https://nyccivilrightshistory.org/topics/black-latina-women/young-lords/palante/,
https://www.nytimes.com/video/opinion/100000007959477/takeover.html,403,BROKEN,https://nyccivilrightshistory.org/topics/black-latina-women/young-lords,
https://nyccivilrightshistory.org/topics/black-latina-women/united-bronx-parents/topics/black-latina-women/united-bronx-parents/puerto-ricans,404,BROKEN,https://nyccivilrightshistory.org/topics/black-latina-women/united-bronx-parents/educational-needs-of-the-puerto-rican-child/,
https://nyccivilrightshistory.org/topics/black-latina-women/gouverneur-parents-association/topics/black-latina-women/cisco-resisting-segregation/elizabeth-cisco,404,BROKEN,https://nyccivilrightshistory.org/topics/black-latina-women/gouverneur-parents-association/willie-mae-and-marguerite-goodman/,
https://nyccivilrightshistory.org/topics/black-latina-women/gouverneur-parents-association/topics/black-latina-women/young-lords/denise-oliver,404,BROKEN,https://nyccivilrightshistory.org/topics/black-latina-women/gouverneur-parents-association/willie-mae-and-marguerite-goodman/,
https://nmaahc.si.edu/object/nmaahc_TA2019.38.1.1.1.11,403,BROKEN,https://nyccivilrightshistory.org/topics/black-latina-women/audre-lorde-cuny/audre-lorde-portrait/,
https://npg.si.edu/object/npg_NPG.2020.176,403,BROKEN,https://nyccivilrightshistory.org/topics/black-latina-women/audre-lorde-cuny/audre-lorde-portrait/,
https://cuny.manifoldapp.org/read/realizing-the-dream-of-a-black-university-other-writings-part-i/section/e29ebe26-4067-4c4f-8570-e182a32a2cf,404,BROKEN,https://nyccivilrightshistory.org/topics/black-latina-women/united-bronx-parents/puerto-ricans/,
https://nyccivilrightshistory.org/topics/black-latina-women/gouverneur-parents-association/topics/black-latina-women/harlem-nine/mae-mallory-and-daughter,404,BROKEN,https://nyccivilrightshistory.org/topics/black-latina-women/gouverneur-parents-association/willie-mae-and-marguerite-goodman/,
https://nyccivilrightshistory.org/images/brian-jones-video.jpg,200,OK,https://nyccivilrightshistory.org/teaching-resources/close-reading-examples/brian-jones-video/,[]
https://www.youtube.com/embed/egEWayvN8S8,200,OK,https://nyccivilrightshistory.org/teaching-resources/close-reading-examples/brian-jones-video/,[]
https://nyccivilrightshistory.org/images/cj-conglio-video.jpg,200,OK,https://nyccivilrightshistory.org/teaching-resources/close-reading-examples/cj-conglio-video/,[]
https://www.youtube.com/embed/X5WyqzReJN0,200,OK,https://nyccivilrightshistory.org/teaching-resources/close-reading-examples/brian-jones-video/,[]
https://www.youtube.com/embed/gBQ32FIP8Ng,200,OK,https://nyccivilrightshistory.org/teaching-resources/close-reading-examples/cj-conglio-video/,[]
https://www.youtube.com/embed/dYEC7RYi118,200,OK,https://nyccivilrightshistory.org/teaching-resources/close-reading-examples/cj-conglio-video/,[]
https://nyccivilrightshistory.org/images/kadiatou-tubman-video.jpg,200,OK,https://nyccivilrightshistory.org/teaching-resources/close-reading-examples/kadiatou-tubman-video/,[]
https://nyccivilrightshistory.org/gallery/brownies-1,200,OK,https://nyccivilrightshistory.org/teaching-resources/close-reading-examples/kadiatou-tubman-video/,[]
https://www.youtube.com/embed/KLoX7TEBuTw,200,OK,https://nyccivilrightshistory.org/teaching-resources/close-reading-examples/kadiatou-tubman-video/,[]
https://nyccivilrightshistory.org/images/east-luna-video.jpg,200,OK,https://nyccivilrightshistory.org/teaching-resources/close-reading-examples/nelly-luna-video/,[]
https://www.youtube.com/embed/908JPc5LE4k,200,OK,https://nyccivilrightshistory.org/teaching-resources/close-reading-examples/kadiatou-tubman-video/,[]
https://www.youtube.com/watch?v=i1pNsLsHsfs,200,OK,https://nyccivilrightshistory.org/topics/black-latina-women/audre-lorde-cuny,[]
https://www.youtube.com/embed/fN1r6I_UeRg,200,OK,https://nyccivilrightshistory.org/teaching-resources/close-reading-examples/nelly-luna-video/,[]
https://nyccivilrightshistory.org/images/kaliris-salas-ramirez-video.jpg,200,OK,https://nyccivilrightshistory.org/teaching-resources/close-reading-examples/kaliris-salas-ramirez-video/,[]
https://www.youtube.com/embed/f0tobEnZBFU,200,OK,https://nyccivilrightshistory.org/teaching-resources/close-reading-examples/nelly-luna-video/,[]
https://nyccivilrightshistory.org/images/nicolyn-plummer-video.jpg,200,OK,https://nyccivilrightshistory.org/teaching-resources/close-reading-examples/nicolyn-plummer-video/,[]
https://www.youtube.com/embed/j9cAY_lyPeA,200,OK,https://nyccivilrightshistory.org/teaching-resources/close-reading-examples/kaliris-salas-ramirez-video/,[]
https://www.youtube.com/embed/6NICEgnhEgI,200,OK,https://nyccivilrightshistory.org/teaching-resources/close-reading-examples/kaliris-salas-ramirez-video/,[]
"https://nycma.lunaimaging.com/luna/servlet/detail/RECORDSPHOTOUNITARC~22~22~1401501~169962:PS-47,-Manhattan--exterior?qvq=q:deaf&mi=0&trs=816",0,BROKEN,https://nyccivilrightshistory.org/gallery/ps47,
https://nyccivilrightshistory.org/plain-text/ny-institute-for-deaf/,200,OK,https://nyccivilrightshistory.org/plain-text/ny-institute-for-deaf,[]
https://nyccivilrightshistory.org/categories/K-12-organizing/page/2/,200,OK,https://nyccivilrightshistory.org/categories/K-12-organizing/,[]
https://www.youtube.com/embed/IdZw1kthc0I,200,OK,https://nyccivilrightshistory.org/teaching-resources/close-reading-examples/nicolyn-plummer-video/,[]
https://nyccivilrightshistory.org/categories/K-12-organizing/page/3/,200,OK,https://nyccivilrightshistory.org/categories/K-12-organizing/,[]
https://nyccivilrightshistory.org/categories/K-12-organizing/page/6/,200,OK,https://nyccivilrightshistory.org/categories/K-12-organizing/,[]
https://nyccivilrightshistory.org/tags/racist-segregation/page/2/,200,OK,https://nyccivilrightshistory.org/tags/racist-segregation/,[]
https://nyccivilrightshistory.org/tags/racist-segregation/page/3/,200,OK,https://nyccivilrightshistory.org/tags/racist-segregation/,[]
https://nyccivilrightshistory.org/tags/racist-segregation/page/5/,200,OK,https://nyccivilrightshistory.org/tags/racist-segregation/,[]
https://nyccivilrightshistory.org/categories/bronx,404,BROKEN,https://nyccivilrightshistory.org/categories/,
https://nyccivilrightshistory.org/categories/brooklyn,404,BROKEN,https://nyccivilrightshistory.org/categories/,
https://nyccivilrightshistory.org/categories/manhattan,404,BROKEN,https://nyccivilrightshistory.org/categories/,
https://nyccivilrightshistory.org/categories/new-york-state,404,BROKEN,https://nyccivilrightshistory.org/categories/,
https://nyccivilrightshistory.org/categories/queens,404,BROKEN,https://nyccivilrightshistory.org/categories/,
https://nyccivilrightshistory.org/categories/staten-island,404,BROKEN,https://nyccivilrightshistory.org/categories/,
https://nyccivilrightshistory.org/categories/k-12-organizing,404,BROKEN,https://nyccivilrightshistory.org/categories/,
https://nyccivilrightshistory.org/tags/Disabled-people/topics/black-latina-women/audre-lorde-cuny/we-demand,404,BROKEN,https://nyccivilrightshistory.org/tags/Disabled-people/,
https://nyccivilrightshistory.org/topics/seeking-equity-for-disabled-students/beginnings-of-special-ed/,200,OK,https://nyccivilrightshistory.org/topics/seeking-equity-for-disabled-students/beginnings-of-special-ed,[]
https://nyccivilrightshistory.org/tags/Disabled-people/page/2/,200,OK,https://nyccivilrightshistory.org/tags/Disabled-people/,[]
https://www.nytimes.com/1908/09/13/archives/new-york-citys-schools-and-what-they-cost-the-greatest-system-in.html,403,BROKEN,https://nyccivilrightshistory.org/topics/seeking-equity-for-disabled-students/beginnings-of-special-ed,
https://gallaudet.edu/museum/history/thomas-hopkins-gallaudet-meets-alice-cogswell/,403,BROKEN,https://nyccivilrightshistory.org/gallery/ny-institute-for-deaf,
https://gallaudet.edu/museum/exhibits/history-through-deaf-eyes/awareness-access-and-change/american-sign-language-a-language-recognized/,403,BROKEN,https://nyccivilrightshistory.org/gallery/ny-institute-for-deaf,
https://www.nytimes.com/1998/03/05/nyregion/new-york-to-teach-deaf-in-sign-language-then-english.html,403,BROKEN,https://nyccivilrightshistory.org/gallery/ny-institute-for-deaf,
https://nyccivilrightshistory.org/categories/higher-education/topics/black-latina-women/audre-lorde-cuny/we-demand,404,BROKEN,https://nyccivilrightshistory.org/categories/higher-education,
https://nyccivilrightshistory.org/categories/student-activism/topics/black-latina-women/audre-lorde-cuny/we-demand,404,BROKEN,https://nyccivilrightshistory.org/categories/student-activism,
https://nyccivilrightshistory.org/categories/student-activism/page/2/,200,OK,https://nyccivilrightshistory.org/categories/student-activism,[]
https://nyccivilrightshistory.org/tags/architectural-barriers/topics/black-latina-women/audre-lorde-cuny/we-demand,404,BROKEN,https://nyccivilrightshistory.org/tags/architectural-barriers/,
https://nyccivilrightshistory.org/tags/Black-people/page/2/,200,OK,https://nyccivilrightshistory.org/tags/Black-people/,[]
https://nyccivilrightshistory.org/tags/Black-people/page/3/,200,OK,https://nyccivilrightshistory.org/tags/Black-people/,[]
https://nyccivilrightshistory.org/tags/Black-people/page/4/,200,OK,https://nyccivilrightshistory.org/tags/Black-people/,[]
https://nyccivilrightshistory.org/tags/disability-labels/topics/black-latina-women/audre-lorde-cuny/we-demand,404,BROKEN,https://nyccivilrightshistory.org/tags/disability-labels/,
https://nyccivilrightshistory.org/tags/disability-labels/page/2/,200,OK,https://nyccivilrightshistory.org/tags/disability-labels/,[]
https://nyccivilrightshistory.org/tags/employment/topics/black-latina-women/audre-lorde-cuny/we-demand,404,BROKEN,https://nyccivilrightshistory.org/tags/employment/,
https://nyccivilrightshistory.org/tags/employment/gallery/moynihan-on-the-negro-family/,404,BROKEN,https://nyccivilrightshistory.org/tags/employment/,
https://umedia.lib.umn.edu/item/p16022coll336:2133,403,BROKEN,https://nyccivilrightshistory.org/tags/Harlem/,
https://nyccivilrightshistory.org/tags/government-reports/gallery/moynihan-on-the-negro-family/,404,BROKEN,https://nyccivilrightshistory.org/tags/government-reports/,
https://nyccivilrightshistory.org/tags/joy/page/2/,200,OK,https://nyccivilrightshistory.org/tags/joy/,[]
https://nyccivilrightshistory.org/tags/Latinx-people/page/2/,200,OK,https://nyccivilrightshistory.org/tags/Latinx-people/,[]
https://nyccivilrightshistory.org/tags/newspapers-and-the-media/page/2/,200,OK,https://nyccivilrightshistory.org/tags/newspapers-and-the-media/,[]
https://nyccivilrightshistory.org/tags/organizing/topics/black-latina-women/audre-lorde-cuny/we-demand,404,BROKEN,https://nyccivilrightshistory.org/tags/organizing/,
https://nyccivilrightshistory.org/tags/organizing/page/2/,200,OK,https://nyccivilrightshistory.org/tags/organizing/,[]
https://nyccivilrightshistory.org/tags/physical-disabilities/topics/black-latina-women/audre-lorde-cuny/we-demand,404,BROKEN,https://nyccivilrightshistory.org/tags/physical-disabilities/,
https://nyccivilrightshistory.org/tags/poverty/gallery/moynihan-on-the-negro-family/,404,BROKEN,https://nyccivilrightshistory.org/tags/poverty/,
https://nyccivilrightshistory.org/tags/racist-ideas/gallery/moynihan-on-the-negro-family/,404,BROKEN,https://nyccivilrightshistory.org/tags/racist-ideas/,
https://nyccivilrightshistory.org/tags/protest/page/2/,200,OK,https://nyccivilrightshistory.org/tags/protest/,[]
https://nyccivilrightshistory.org/tags/self-advocacy/topics/black-latina-women/audre-lorde-cuny/we-demand,404,BROKEN,https://nyccivilrightshistory.org/tags/self-advocacy/,
https://umedia.lib.umn.edu/item/p16022coll336:2133,403,BROKEN,https://nyccivilrightshistory.org/tags/teachers-unions/,
https://nyccivilrightshistory.org/tags/student-writing/topics/black-latina-women/audre-lorde-cuny/we-demand,404,BROKEN,https://nyccivilrightshistory.org/tags/student-writing/,
https://www.nytimes.com/1909/03/25/archives/the-blind-dispute-rival-booksy-systems-professor-reads-his-speech.html,403,BROKEN,https://nyccivilrightshistory.org/gallery/keller-ny-point,
https://nyccivilrightshistory.org/tags/womens-activism/page/2/,200,OK,https://nyccivilrightshistory.org/tags/womens-activism/,[]
https://nyccivilrightshistory.org/categories/Manhattan/page/2/,200,OK,https://nyccivilrightshistory.org/categories/Manhattan/,[]
https://nyccivilrightshistory.org/images/centralized-gov-graphic-1.jpg,200,OK,https://nyccivilrightshistory.org/topics/who-governs-schools/masses-to-experts,[]
https://nyccivilrightshistory.org/images/centralized-gov-graphic-2.jpg,200,OK,https://nyccivilrightshistory.org/topics/who-governs-schools/masses-to-experts,[]
https://www.nyc.gov/assets/planning/download/pdf/data-maps/nyc-population/historical-population/1790-2000_nyc_total_foreign_birth.pdf,200,OK,https://nyccivilrightshistory.org/topics/who-governs-schools/masses-to-experts,[]
https://chicagounbound.uchicago.edu/cgi/viewcontent.cgi?article=1052&context=uclf,403,BROKEN,https://nyccivilrightshistory.org/topics/black-latina-women,
https://nyccivilrightshistory.org/plain-text/cisco-on-trial/,200,OK,https://nyccivilrightshistory.org/plain-text/cisco-on-trial,[]
https://nyccivilrightshistory.org/plain-text/elsberg-bill-signed/,200,OK,https://nyccivilrightshistory.org/plain-text/elsberg-bill-signed,[]
https://nyccivilrightshistory.org/plain-text/cisco-vs-boe/,200,OK,https://nyccivilrightshistory.org/plain-text/cisco-vs-boe,[]
https://nyccivilrightshistory.org/topics/seeking-equity/tests-labels-and-segregation/,404,BROKEN,https://nyccivilrightshistory.org/gallery/elizabeth-farrell,
https://www.nytimes.com/1932/10/17/archives/elizabeth-farrell-dies-in-cleveland-founded-ungraded-class-system.html,403,BROKEN,https://nyccivilrightshistory.org/gallery/elizabeth-farrell,
https://nyccivilrightshistory.org/plain-text/albany-evening-journal/,200,OK,https://nyccivilrightshistory.org/plain-text/albany-evening-journal,[]
https://nyccivilrightshistory.org/categories/national/gallery/moynihan-on-the-negro-family/,404,BROKEN,https://nyccivilrightshistory.org/categories/national/,
https://nyccivilrightshistory.org/plain-text/high-tide-of-immigration/,200,OK,https://nyccivilrightshistory.org/plain-text/high-tide-of-immigration,[]
https://nyccivilrightshistory.org/categories/national/page/2/,200,OK,https://nyccivilrightshistory.org/categories/national/,[]
https://www.nytimes.com/1908/09/13/archives/new-york-citys-schools-and-what-they-cost-the-greatest-system-in.html,403,BROKEN,https://nyccivilrightshistory.org/gallery/nyc-schools-what-they-cost,
https://nmaahc.si.edu/explore/stories/black-joy-resistance-resilience-and-reclamation,403,BROKEN,https://nyccivilrightshistory.org/topics/joyful-struggle,
https://nyccivilrightshistory.org/plain-text/nyc-schools-what-they-cost/,200,OK,https://nyccivilrightshistory.org/plain-text/nyc-schools-what-they-cost,[]
https://nyccivilrightshistory.org/plain-text/keller-ny-point/,200,OK,https://nyccivilrightshistory.org/plain-text/keller-ny-point,[]
https://nyccivilrightshistory.org/topics/seeking-equity-for-disabled-students/right-to-communicate/,200,OK,https://nyccivilrightshistory.org/topics/seeking-equity-for-disabled-students/right-to-communicate,[]
https://nyccivilrightshistory.org/topics/seeking-equity-for-disabled-students/right-to-communicate/topics/black-latina-women/united-bronx-parents/,404,BROKEN,https://nyccivilrightshistory.org/topics/seeking-equity-for-disabled-students/right-to-communicate,
https://doi.org/10.1017/S0140525X15001247,200,OK,https://nyccivilrightshistory.org/topics/seeking-equity-for-disabled-students/right-to-communicate,[]
https://www.nytimes.com/1998/03/05/nyregion/new-york-to-teach-deaf-in-sign-language-then-english.html,403,BROKEN,https://nyccivilrightshistory.org/topics/seeking-equity-for-disabled-students/right-to-communicate,
https://nyccivilrightshistory.org/topics/seeking-equity/tests-labels-and-segregation/,404,BROKEN,https://nyccivilrightshistory.org/topics/seeking-equity-for-disabled-students/disability-incarceration,
https://www.pbs.org/articles/disability-pride-month-and-the-disability-rights-movement/,200,OK,https://nyccivilrightshistory.org/teaching-resources/additional-resources/,[]
https://nyccivilrightshistory.org/plain-text/feeble-minded-in-ny/,200,OK,https://nyccivilrightshistory.org/plain-text/feeble-minded-in-ny,[]
https://nyccivilrightshistory.org/topics/seeking-equity-for-disabled-students/tests-labels-and-segregation/,200,OK,https://nyccivilrightshistory.org/topics/seeking-equity-for-disabled-students/tests-labels-and-segregation,[]
https://nyccivilrightshistory.org/topics/seeking-equity-for-disabled-students/tests-labels-and-segregation/gallery/army-test,404,BROKEN,https://nyccivilrightshistory.org/topics/seeking-equity-for-disabled-students/tests-labels-and-segregation,
https://race.undark.org/,200,OK,https://nyccivilrightshistory.org/topics/seeking-equity-for-disabled-students/tests-labels-and-segregation,[]
https://nyccivilrightshistory.org/content/gallery/elizabeth-cisco,404,BROKEN,https://nyccivilrightshistory.org/gallery/william-maxwell,
https://nyccivilrightshistory.org/content/gallery/two-public-school-teachers,404,BROKEN,https://nyccivilrightshistory.org/gallery/william-maxwell,
https://nyccivilrightshistory.org/images/freedom-school-lesson-plan_hu_2e55bcaa5b84690b.jpg,200,OK,https://nyccivilrightshistory.org/gallery/page/4/,[]
https://nyccivilrightshistory.org/images/malcolm-x-in-support-of-boycott_hu_59a14db24de4f047.jpg,200,OK,https://nyccivilrightshistory.org/gallery/page/4/,[]
https://nyccivilrightshistory.org/images/freedom-day-march_hu_fc24b1fb6dc3c7e8.jpg,200,OK,https://nyccivilrightshistory.org/gallery/page/4/,[]
https://nyccivilrightshistory.org/images/jhs-103-ps-194-city-hall_hu_4f0898f399f7fd50.jpg,200,OK,https://nyccivilrightshistory.org/gallery/page/4/,[]
https://nyccivilrightshistory.org/images/will-and-way-of-boycotters_hu_257b4a609739e723.jpg,200,OK,https://nyccivilrightshistory.org/gallery/page/4/,[]
https://academicworks.cuny.edu/cgi/viewcontent.cgi?article=6261&context=gc_etds,403,BROKEN,https://nyccivilrightshistory.org/topics/seeking-equity-for-disabled-students/disability-incarceration,
https://nyccivilrightshistory.org/images/what-a-fizzle_hu_d5a8b7cd5c339ed1.jpg,200,OK,https://nyccivilrightshistory.org/gallery/page/4/,[]
https://nyccivilrightshistory.org/images/change-the-status-crow_hu_7502a142721e466e.jpg,200,OK,https://nyccivilrightshistory.org/gallery/page/4/,[]
https://nyccivilrightshistory.org/images/puerto-rican-civil-rights-march_hu_c19d06ee35f81122.jpg,200,OK,https://nyccivilrightshistory.org/gallery/page/4/,[]
https://nyccivilrightshistory.org/images/dr-king-on-school-boycott-concept_hu_606de6a1706d2088.jpg,200,OK,https://nyccivilrightshistory.org/gallery/page/4/,[]
https://nyccivilrightshistory.org/images/parents-and-taxpayers-march_hu_cf9bf204b5a6acd4.jpg,200,OK,https://nyccivilrightshistory.org/gallery/page/4/,[]
https://nyccivilrightshistory.org/images/audio-recording_hu_4d5a5b449be0e0a6.jpg,200,OK,https://nyccivilrightshistory.org/gallery/page/4/,[]
https://nyccivilrightshistory.org/images/title-iv-civil-rights-act_hu_575410d03b0d7521.jpg,200,OK,https://nyccivilrightshistory.org/gallery/page/4/,[]
https://nyccivilrightshistory.org/images/parents-and-taxpayers-protest_hu_ccce19f423b7255e.jpg,200,OK,https://nyccivilrightshistory.org/gallery/page/4/,[]
https://nyccivilrightshistory.org/images/moynihan-on-the-negro-family_hu_1e68830b6aaf21c1.jpg,200,OK,https://nyccivilrightshistory.org/gallery/page/4/,[]
https://nyccivilrightshistory.org/images/the-1965-boycott_hu_8be75e6e4d9ccc72.jpg,200,OK,https://nyccivilrightshistory.org/gallery/page/4/,[]
https://nyccivilrightshistory.org/images/boycott-hits-problem-school_hu_d66b4fa2832f0dd8.jpg,200,OK,https://nyccivilrightshistory.org/gallery/page/4/,[]
https://nyccivilrightshistory.org/images/the-controversial-moynihan-report_hu_a97eac949fc43112.jpg,200,OK,https://nyccivilrightshistory.org/gallery/page/4/,[]
https://nyccivilrightshistory.org/images/real-message-of-the-moynihan-report_hu_d325f26c84ee9a61.jpg,200,OK,https://nyccivilrightshistory.org/gallery/page/4/,[]
https://nyccivilrightshistory.org/images/600-schools-yesterday-today-tomorrow_hu_3c17479ba859836d.jpg,200,OK,https://nyccivilrightshistory.org/gallery/page/4/,[]
https://nyccivilrightshistory.org/images/black-panthers-2_hu_30d7805f66ab3f29.jpg,200,OK,https://nyccivilrightshistory.org/gallery/page/4/,[]
https://nyccivilrightshistory.org/images/black-panthers-1_hu_db2280252fc67f09.jpg,200,OK,https://nyccivilrightshistory.org/gallery/page/5/,[]
https://nyccivilrightshistory.org/images/baseball_hu_f7ecada155b54b04.jpg,200,OK,https://nyccivilrightshistory.org/gallery/page/5/,[]
https://nyccivilrightshistory.org/images/proposal-independent-boe-harlem_hu_24e19545d61fd4e0.jpg,200,OK,https://nyccivilrightshistory.org/gallery/page/5/,[]
https://nyccivilrightshistory.org/images/reflections-1967_hu_4ff70e8ced240193.jpg,200,OK,https://nyccivilrightshistory.org/gallery/page/5/,[]
https://nyccivilrightshistory.org/images/teachers-demonstration_hu_cb2c2e362157aac2.jpg,200,OK,https://nyccivilrightshistory.org/gallery/page/5/,[]
https://nyccivilrightshistory.org/images/community-control-march_hu_9985903590a4aef.jpg,200,OK,https://nyccivilrightshistory.org/gallery/page/5/,[]
https://nyccivilrightshistory.org/images/ocean-hill-brownsville-parents_hu_44e299c35e29b40d.jpg,200,OK,https://nyccivilrightshistory.org/gallery/page/5/,[]
https://nyccivilrightshistory.org/images/bayard-rustin_hu_2fea6ac69f379814.jpg,200,OK,https://nyccivilrightshistory.org/gallery/page/5/,[]
https://nyccivilrightshistory.org/images/decentralization_hu_c59b2d48d0962280.jpg,200,OK,https://nyccivilrightshistory.org/gallery/page/5/,[]
https://nyccivilrightshistory.org/images/fifteen-demands_hu_c668f523207cafb.jpg,200,OK,https://nyccivilrightshistory.org/gallery/page/5/,[]
https://nyccivilrightshistory.org/images/malcolm-x-memorial_hu_4d4bee863916af35.jpg,200,OK,https://nyccivilrightshistory.org/gallery/page/5/,[]
https://nyccivilrightshistory.org/images/we-demand_hu_8187e31ba154b0b9.jpg,200,OK,https://nyccivilrightshistory.org/gallery/page/5/,[]
https://nyccivilrightshistory.org/images/evelina-antonetty-ubp-protest-lunch_hu_e9017318ce7fd562.jpg,200,OK,https://nyccivilrightshistory.org/gallery/page/5/,[]
https://nyccivilrightshistory.org/images/district-21-population-maps_hu_92c9e9cd42cb56cb.jpg,200,OK,https://nyccivilrightshistory.org/gallery/page/5/,[]
https://nyccivilrightshistory.org/images/le-gustaria-que-sus-ninos_hu_9922e3749863691d.jpg,200,OK,https://nyccivilrightshistory.org/gallery/page/5/,[]
https://nyccivilrightshistory.org/images/on-the-way-to-local-control_hu_ba979be201f20250.jpg,200,OK,https://nyccivilrightshistory.org/gallery/page/5/,[]
https://nyccivilrightshistory.org/images/iris-morales_hu_8e7d424b86f3579e.jpg,200,OK,https://nyccivilrightshistory.org/gallery/page/5/,[]
https://nyccivilrightshistory.org/images/june-jordan-graduation_hu_79bd4d1b2094de52.jpg,200,OK,https://nyccivilrightshistory.org/gallery/page/5/,[]
https://nyccivilrightshistory.org/images/sculpture-by-john-ahearn_hu_5b1da8628734740c.jpg,200,OK,https://nyccivilrightshistory.org/gallery/page/7/,[]
https://nyccivilrightshistory.org/images/history-double-dutch_hu_4eaaa723bc2c38ff.jpg,200,OK,https://nyccivilrightshistory.org/gallery/page/7/,[]
https://nyccivilrightshistory.org/images/kids-jump-for-prizes_hu_898fc6f0739daacc.jpg,200,OK,https://nyccivilrightshistory.org/gallery/page/7/,[]
https://nyccivilrightshistory.org/images/la-escuela-bilingue_hu_c1398a6536a6751b.jpg,200,OK,https://nyccivilrightshistory.org/gallery/page/7/,[]
https://nyccivilrightshistory.org/images/focus-on-learning_hu_f4a04ca341f47b13.jpg,200,OK,https://nyccivilrightshistory.org/gallery/page/7/,[]
https://nyccivilrightshistory.org/images/disability-independence-day-march_hu_62dff3080762b498.jpg,200,OK,https://nyccivilrightshistory.org/gallery/page/7/,[]
https://nyccivilrightshistory.org/images/text-icon_hu_c0c60aabd525b2f9.jpg,200,OK,https://nyccivilrightshistory.org/gallery/page/7/,[]
https://nyccivilrightshistory.org/images/lexington-school-for-deaf_hu_2b411aee5f24e121.jpg,200,OK,https://nyccivilrightshistory.org/gallery/page/7/,[]
https://nyccivilrightshistory.org/images/ny-hotline-special-ed-2_hu_30bc2db4df080b79.jpg,200,OK,https://nyccivilrightshistory.org/gallery/page/7/,[]
https://nyccivilrightshistory.org/images/ny-hotline-special-ed-1_hu_16a26b4470244f85.jpg,200,OK,https://nyccivilrightshistory.org/gallery/page/7/,[]
https://nyccivilrightshistory.org/images/the-man-who-could-fly_hu_ead88ed5861a722f.jpg,200,OK,https://nyccivilrightshistory.org/gallery/page/7/,[]
https://nyccivilrightshistory.org/images/evelina-antonetty-mural_hu_63745500288f925.jpg,200,OK,https://nyccivilrightshistory.org/gallery/page/7/,[]
https://nyccivilrightshistory.org/images/bloomberg-remarks_hu_5072e099ee19a88d.jpg,200,OK,https://nyccivilrightshistory.org/gallery/page/7/,[]
https://nyccivilrightshistory.org/images/interview-with-jitu-weusi_hu_5d0fa515cdd7c4a5.jpg,200,OK,https://nyccivilrightshistory.org/gallery/page/7/,[]
https://nyccivilrightshistory.org/images/women-of-the-young-lords-party_hu_49394f3089e050fc.jpg,200,OK,https://nyccivilrightshistory.org/gallery/page/7/,[]
https://nyccivilrightshistory.org/images/interview-with-joel-klein_hu_35b9f47aa218c466.jpg,200,OK,https://nyccivilrightshistory.org/gallery/page/7/,[]
https://nyccivilrightshistory.org/images/rev-malika-leigh-whitney_hu_cda6b2e837795358.jpg,200,OK,https://nyccivilrightshistory.org/gallery/page/7/,[]
https://nyccivilrightshistory.org/images/palante_hu_9c84ebec2832e9e.jpg,200,OK,https://nyccivilrightshistory.org/gallery/page/6/,[]
https://nyccivilrightshistory.org/images/educational-needs-of-the-puerto-rican-child_hu_d39d37b9edf68204.jpg,200,OK,https://nyccivilrightshistory.org/gallery/page/6/,[]
https://nyccivilrightshistory.org/images/bernard-carabello_hu_22a067253ba26911.jpg,200,OK,https://nyccivilrightshistory.org/gallery/page/6/,[]
https://nyccivilrightshistory.org/images/mark-twain-on-51st-state-2_hu_3e9ae05d676cf704.jpg,200,OK,https://nyccivilrightshistory.org/gallery/page/6/,[]
https://nyccivilrightshistory.org/images/mark-twain-on-51st-state-1_hu_8abe3290e88e99f0.jpg,200,OK,https://nyccivilrightshistory.org/gallery/page/6/,[]
https://nyccivilrightshistory.org/images/mark-twain-on-51st-state-3_hu_b0031813e71b73d.jpg,200,OK,https://nyccivilrightshistory.org/gallery/page/6/,[]
https://nyccivilrightshistory.org/images/mark-twain-on-51st-state-4_hu_245af114c1e86910.jpg,200,OK,https://nyccivilrightshistory.org/gallery/page/6/,[]
https://nyccivilrightshistory.org/images/hart-v-community-school-board-21-2_hu_9f16168ab352a086.jpg,200,OK,https://nyccivilrightshistory.org/gallery/page/6/,[]
https://nyccivilrightshistory.org/images/hart-v-community-school-board-21-1_hu_2e3e20859e89615.jpg,200,OK,https://nyccivilrightshistory.org/gallery/page/6/,[]
https://nyccivilrightshistory.org/images/clark-hits-integration-plan_hu_f9e0105475e0b78b.jpg,200,OK,https://nyccivilrightshistory.org/gallery/page/6/,[]
https://nyccivilrightshistory.org/images/mom-worthy-opponent-for-state_hu_8b5a3176a937d0a2.jpg,200,OK,https://nyccivilrightshistory.org/gallery/page/6/,[]
https://nyccivilrightshistory.org/images/double-dutch-tournament_hu_6db7ff348b00c2bf.jpg,200,OK,https://nyccivilrightshistory.org/gallery/page/6/,[]
https://nyccivilrightshistory.org/images/hew-report_hu_8d9cf69850ceafd.jpg,200,OK,https://nyccivilrightshistory.org/gallery/page/6/,[]
https://nyccivilrightshistory.org/images/where-is-district-5_hu_a5f19f636e5bef75.jpg,200,OK,https://nyccivilrightshistory.org/gallery/page/6/,[]
https://nyccivilrightshistory.org/images/goldie-chu_hu_1980f8c84c501016.jpg,200,OK,https://nyccivilrightshistory.org/gallery/page/6/,[]
https://nyccivilrightshistory.org/images/jose-p-vs-ambach_hu_ae1894ac206bc572.jpg,200,OK,https://nyccivilrightshistory.org/gallery/page/6/,[]
https://nyccivilrightshistory.org/images/parents-protest-for-school-transportation_hu_4541602d88eb5ea1.jpg,200,OK,https://nyccivilrightshistory.org/gallery/page/6/,[]
https://nyccivilrightshistory.org/images/willie-mae-and-marguerite-goodman_hu_cab452607dbba21e.jpg,200,OK,https://nyccivilrightshistory.org/gallery/page/6/,[]
https://nyccivilrightshistory.org/images/audre-lorde-portrait_hu_122ee8f68c6f58e6.jpg,200,OK,https://nyccivilrightshistory.org/gallery/page/6/,[]
https://nyccivilrightshistory.org/plain-text/binet-simon/,200,OK,https://nyccivilrightshistory.org/plain-text/binet-simon,[]
https://nyccivilrightshistory.org/plain-text/army-test/,200,OK,https://nyccivilrightshistory.org/plain-text/army-test,[]
https://nyccivilrightshistory.org/plain-text/brownies-1/,200,OK,https://nyccivilrightshistory.org/plain-text/brownies-1,[]
https://nyccivilrightshistory.org/topics/joyful-struggle/brownies-book/,200,OK,https://nyccivilrightshistory.org/topics/joyful-struggle/brownies-book,[]
http://www.jstor.com/stable/10.5323/blachistbull.78.2.0022,200,OK,https://nyccivilrightshistory.org/topics/joyful-struggle/brownies-book,[]
https://www.hbook.com/?detailStory=great-heroic-beautiful-enduring-legacy-brownies-book,403,BROKEN,https://nyccivilrightshistory.org/topics/joyful-struggle/brownies-book,
https://ansleyerickson.github.io/book/chapters/05/,200,OK,https://nyccivilrightshistory.org/topics/joyful-struggle/brownies-book,[]
https://nyccivilrightshistory.org/plain-text/survey-of-cripples/,200,OK,https://nyccivilrightshistory.org/plain-text/survey-of-cripples,[]
https://www.npr.org/sections/npr-history-dept/2015/04/10/398515228/defeating-the-disease-that-paralyzed-america,200,OK,https://nyccivilrightshistory.org/topics/seeking-equity-for-disabled-students/physical-access,[]
https://www.nytimes.com/1970/05/27/archives/woman-in-wheel-chair-sues-to-become-teacher.html,403,BROKEN,https://nyccivilrightshistory.org/topics/seeking-equity-for-disabled-students/physical-access,
